,Attendance,Streak_Same_Mkt_Team
0,41306,1
1,39565,-1
2,38026,1
3,37291,-1
4,40471,-2
5,39506,-3
6,37850,3
7,37440,3
8,36660,-1
9,36850,-2
10,37800,1
11,40368,-1
12,38144,1
13,38266,-1
14,38007,-1
15,38637,1
16,39082,-1
17,41336,-2
18,40636,1
19,35760,-1
20,37029,-1
21,34749,1
22,35828,-1
23,33868,1
24,39536,-1
25,40601,1
26,41353,-1
27,41129,2
28,40397,3
29,40456,4
30,34390,-1
31,36244,1
32,36942,2
33,39729,3
34,40008,4
35,39850,5
36,38512,-1
37,36914,-2
38,37391,1
39,36880,-1
40,40361,-1
41,40677,1
42,41079,-1
43,40879,8
44,40622,9
45,40924,-1
46,39333,-2
47,35514,-3
48,36401,1
49,38533,2
50,40687,-1
51,41009,1
52,41406,-1
53,37731,1
54,36183,1
55,38425,-1
56,40696,2
57,41227,-1
58,39016,1
59,36814,-2
60,33664,-2
61,33267,-3
62,30687,-4
63,39345,1
64,41099,1
65,37518,-1
66,29538,-2
67,31369,1
68,33555,2
69,31424,3
70,39473,3
71,40788,4
72,31647,6
73,31596,7
74,33623,-1
75,36364,-7
76,37285,-8
77,34481,1
78,36553,1
79,39316,2
80,38057,3
81,35782,1
82,30857,2
83,26292,-1
84,27039,-1
85,32272,-2
86,36597,-4
87,35544,-6
88,36595,1
89,41161,-1
90,32943,-2
91,37417,-3
92,38261,1
93,35471,-2
94,37666,-3
95,31931,1
96,34249,3
97,34439,-1
98,32559,1
99,37433,1
100,39706,2
101,35707,-1
102,36666,1
103,33378,-1
104,34105,1
105,38413,-1
106,37464,-2
107,30450,-3
108,31178,1
109,31340,2
110,39070,2
111,39151,2
112,39821,2
113,40024,-1
114,42219,-2
115,42236,-3
116,41828,1
117,40854,-1
118,38360,-1
119,37221,-2
120,38158,1
121,41486,2
122,42165,3
123,42311,4
124,38145,-1
125,38391,-1
126,40709,1
127,37634,2
128,38183,-1
129,38857,1
130,37864,-1
131,39855,-2
132,40486,1
133,40406,1
134,42245,-6
135,41978,1
136,39619,2
137,37109,4
138,38010,5
139,34733,-1
140,42343,-2
141,42374,-3
142,39420,1
143,37061,2
144,36639,2
145,37098,-1
146,36136,-2
147,35153,-1
148,36628,-2
149,40469,-3
150,41341,-4
151,35297,2
152,36797,3
153,35318,-5
154,39377,-6
155,36250,-7
156,35076,1
157,36571,1
158,30965,1
159,40102,-1
160,31973,1
161,38136,-1
162,37265,1
163,34044,1
164,36311,2
165,37782,-1
166,38405,1
167,35801,2
168,37794,3
169,38894,4
170,34894,-1
171,37332,-2
172,39874,-3
173,38125,1
174,36307,-1
175,38523,-3
176,31904,1
177,38678,-1
178,37986,-2
179,34937,1
180,40228,2
181,38374,3
182,38452,5
183,35219,6
184,38516,7
185,41164,-1
186,41326,1
187,42292,-1
188,40073,-2
189,40766,-3
190,38531,1
191,34092,2
192,34064,-1
193,35837,1
194,32891,3
195,37906,4
196,37389,-1
197,36878,-1
198,38068,1
199,36659,-1
200,34397,-1
201,34934,1
202,32741,-1
203,40778,3
204,41276,4
205,39534,5
206,33337,-1
207,33158,-2
208,33014,1
209,33397,-2
210,36891,-2
211,40602,1
212,35461,-1
213,31452,1
214,33376,-1
215,33714,1
216,31255,3
217,35296,4
218,32346,5
219,32541,6
220,30017,-1
221,33271,-2
222,28859,1
223,32476,-1
224,32477,-2
225,39760,-3
226,26946,-2
227,32774,1
228,33559,2
229,33017,3
230,32547,4
231,31001,5
232,25891,-1
233,29100,-2
234,40298,-3
235,33354,-4
236,32167,-2
237,33168,1
238,27606,-1
239,40083,2
240,30065,2
241,25460,-2
242,30996,-3
243,34778,-4
244,33326,-5
245,29344,-1
246,26083,2
247,32169,-2
248,31303,-2
249,34832,-3
250,32865,1
251,32579,2
252,36455,2
253,33449,-1
254,32618,-2
255,30161,1
256,26354,-1
257,35080,1
258,38123,-1
259,38083,1
260,34890,3
261,38766,4
262,34258,-1
263,31279,-1
264,31968,-2
265,24645,-3
266,31465,-4
267,29667,-5
268,31614,-1
269,38405,-2
270,31858,1
271,28052,2
272,30937,3
273,24749,-1
274,28986,-1
275,33119,-3
276,38870,1
277,35121,2
278,38615,1
279,36590,-1
280,33146,-2
281,31579,-4
282,31111,1
283,35379,-1
284,37322,1
285,42240,1
286,35178,-1
287,32848,-3
288,34996,-4
289,29817,-5
290,34005,-6
291,32520,-7
292,40490,-8
293,38409,-9
294,33277,-1
295,33286,1
296,33642,2
297,35258,-2
298,41981,1
299,33830,2
300,31290,3
301,30975,3
302,31936,4
303,29393,5
304,27763,2
305,36410,-1
306,31859,-2
307,26978,-3
308,30024,-4
309,20696,-5
310,25351,-7
311,34929,-8
312,27802,-9
313,29539,-1
314,34612,-2
315,30515,-3
316,32289,1
317,34138,2
318,26171,-1
319,38283,-1
320,30651,-2
321,26712,-3
322,26177,-1
323,28247,1
324,25502,-1
325,28699,-2
326,32966,-3
327,27927,-4
328,32439,1
329,35381,2
330,32323,-1
331,33085,1
332,28160,-2
333,37874,-3
334,30023,-4
335,33146,1
336,34305,2
337,35771,1
338,36671,2
339,37631,-1
340,38753,1
341,34808,2
342,34697,-1
343,28185,1
344,28833,2
345,28495,2
346,33786,-1
347,33134,-2
348,36423,-1
349,36563,-2
350,33573,-3
351,27747,-4
352,28226,-5
353,28207,1
354,28867,-1
355,30683,-2
356,32267,1
357,39544,-2
358,36806,-3
359,36363,1
360,32730,1
361,30718,-1
362,31321,-2
363,41534,1
364,41927,2
365,35256,3
366,29702,-1
367,28590,-1
368,29491,1
369,35729,-1
370,34937,-3
371,36739,-4
372,33039,1
373,28927,-1
374,28819,-1
375,31191,1
376,38157,-1
377,31064,-1
378,30633,-2
379,30541,-3
380,33761,-3
381,37156,-4
382,32774,-5
383,32054,1
384,28434,1
385,31251,2
386,35541,-1
387,36867,-2
388,33894,-3
389,33144,-1
390,33812,-2
391,33500,1
392,33649,-1
393,33322,-1
394,34334,1
395,31933,-1
396,28893,1
397,29754,2
398,33292,-1
399,26814,-1
400,26390,2
401,27525,2
402,29205,3
403,32138,-1
404,33958,-2
405,29113,1
406,29159,2
407,29915,2
408,30634,2
409,31128,-2
410,34878,-3
411,33398,-4
412,32980,2
413,31542,-1
414,33709,1
415,31496,2
416,33617,2
417,38883,3
418,36289,4
419,38463,-2
420,30440,-3
421,34215,-4
422,34273,2
423,37766,-1
424,35031,3
425,40016,3
426,40693,-1
427,33201,-2
428,35914,-4
429,35147,2
430,36799,-1
431,36653,1
432,41498,-1
433,41212,2
434,37898,3
435,37764,4
436,37609,-1
437,35703,1
438,37993,-1
439,41580,2
440,41596,3
441,41688,4
442,41230,1
443,41683,2
444,41123,3
445,35070,4
446,36747,5
447,38874,6
448,41242,1
449,41311,1
450,41305,-1
451,39939,-2
452,37109,1
453,36438,2
454,40799,3
455,39684,-1
456,40310,-2
457,34633,-3
458,39211,1
459,41196,2
460,39581,3
461,36283,-1
462,34017,1
463,33756,1
464,31165,-1
465,36132,1
466,40690,2
467,41183,3
468,40846,-1
469,40994,-2
470,40962,1
471,34373,-1
472,36270,2
473,37559,-1
474,40432,-3
475,41150,1
476,40617,-1
477,40552,-2
478,40882,1
479,36496,2
480,34898,3
481,34437,4
482,41702,5
483,41678,-1
484,35861,4
485,32734,6
486,34007,-1
487,40164,1
488,37564,-1
489,39206,-2
490,40471,1
491,41233,2
492,34680,4
493,37828,-1
494,37479,-2
495,40953,1
496,40814,-1
497,38941,-3
498,41555,-4
499,41575,-5
500,41470,-6
501,34681,-7
502,36426,1
503,37422,2
504,38813,2
505,40415,-1
506,41596,-2
507,41547,1
508,41424,-1
509,41024,-2
510,41166,-3
511,41616,1
512,41058,2
513,41293,2
514,41310,3
515,41262,-1
516,41480,1
517,41482,-1
518,41346,-2
519,41213,-3
520,41353,-4
521,41456,-5
522,41210,1
523,41166,4
524,41157,-1
525,40951,-2
526,41401,-3
527,40952,1
528,40937,-1
529,40419,-1
530,41147,-2
531,41227,-1
532,41015,1
533,40597,-1
534,40848,-2
535,41278,1
536,41019,2
537,39420,-1
538,40310,-2
539,41407,1
540,38951,2
541,38174,-1
542,38137,-2
543,38536,-3
544,40818,-4
545,41250,1
546,41293,-1
547,41362,-1
548,40823,1
549,40956,2
550,41286,-1
551,39251,-2
552,40586,-3
553,40434,-4
554,40791,-5
555,40785,-6
556,40859,1
557,41166,-1
558,40844,-2
559,38379,1
560,40430,2
561,41814,3
562,39422,-1
563,38636,1
564,39026,-1
565,34864,1
566,38567,-1
567,38660,-2
568,39335,1
569,36394,-1
570,40395,1
571,40735,-1
572,40584,-2
573,40653,-1
574,38715,-2
575,36023,-3
576,36923,-4
577,41671,2
578,36204,3
579,32905,-1
580,35617,-2
581,37513,-3
582,41051,-2
583,41164,-3
584,39868,-4
585,34037,-5
586,34082,-5
587,37294,1
588,39385,-1
589,41229,-2
590,41226,-3
591,41116,1
592,40802,-1
593,41607,-1
594,41708,-2
595,42046,2
596,39855,-1
597,41576,-2
598,41294,-2
599,41865,-3
600,41604,1
601,42186,-6
602,41969,-7
603,41582,-8
604,40849,-9
605,40717,1
606,40709,2
607,41321,-1
608,39525,-2
609,41396,-3
610,41857,-4
611,41047,-5
612,40263,-2
613,36698,-2
614,37021,-3
615,38675,-4
616,41814,-5
617,41558,1
618,41459,-1
619,38453,1
620,37370,1
621,36628,-1
622,38031,-2
623,37280,-3
624,41329,-4
625,42145,1
626,41020,-4
627,41167,-5
628,40113,1
629,37834,3
630,36008,-1
631,37867,1
632,38464,2
633,40959,-1
634,37242,1
635,36258,2
636,41493,-1
637,40971,1
638,40144,-4
639,35596,-5
640,29949,1
641,29775,-1
642,36788,-1
643,35103,-2
644,29648,-4
645,37197,-2
646,35579,1
647,40147,2
648,40895,3
649,35922,-2
650,40077,-2
651,32909,-3
652,37333,-3
653,40051,-3
654,34486,-4
655,39585,-5
656,41099,-6
657,40537,-7
658,35946,1
659,37168,-1
660,39004,1
661,41177,-1
662,41250,-2
663,41587,1
664,40553,1
665,40275,1
666,40057,2
667,40097,-1
668,41045,1
669,40735,-1
670,40409,-5
671,41199,-6
672,41492,-1
673,40950,-2
674,40051,-3
675,38424,-1
676,40510,1
677,41434,-2
678,41538,-3
679,38655,-4
680,41406,1
681,41077,1
682,41244,-1
683,39737,1
684,40859,-1
685,40869,1
686,35548,2
687,38979,-1
688,40714,-3
689,40894,1
690,40855,2
691,41136,3
692,41531,-3
693,41320,1
694,36490,-1
695,40441,-3
696,39619,1
697,41130,1
698,37760,-1
699,41205,1
700,40331,2
701,38935,3
702,37017,4
703,33386,-1
704,38471,-5
705,37017,-6
706,40234,-7
707,36468,1
708,41196,2
709,41314,3
710,34570,-2
711,33443,-3
712,32874,1
713,38415,-1
714,39442,-1
715,40784,-3
716,39275,-4
717,38450,-5
718,40692,-2
719,32798,-4
720,31906,-5
721,30102,-5
722,38755,1
723,33938,-2
724,37667,1
725,38181,1
726,35536,1
727,35743,-1
728,35451,-2
729,34978,2
730,39601,-1
731,36499,-2
732,34555,-3
733,35274,1
734,37241,2
735,32301,-1
736,37870,-2
737,39598,-3
738,37267,1
739,37909,-1
740,36768,-2
741,39246,-3
742,37173,1
743,35266,2
744,40929,-1
745,40884,-2
746,39843,1
747,36753,1
748,35395,-1
749,36375,-2
750,40671,-2
751,41005,-3
752,39545,1
753,41192,-2
754,39776,1
755,38956,-1
756,41078,-1
757,41106,1
758,39077,-1
759,37603,-2
760,37333,-3
761,38017,-4
762,39823,1
763,40740,1
764,40286,-1
765,39291,-2
766,36935,-3
767,39788,-4
768,37260,-5
769,39526,-7
770,40314,1
771,39954,2
772,41424,-4
773,41186,1
774,40466,-1
775,40721,1
776,40627,2
777,41179,-1
778,36969,1
779,38619,-1
780,36366,1
781,39889,2
782,40658,3
783,40518,-1
784,40276,-3
785,40178,-4
786,40912,-5
787,39133,-6
788,33958,-7
789,39080,-2
790,39928,1
791,39103,-1
792,33753,-2
793,34267,-3
794,36578,-4
795,39524,1
796,39106,1
797,40071,2
798,38606,3
799,19514,-1
800,18637,-2
801,21416,1
802,28337,-1
803,25550,1
804,19260,-3
805,17023,-4
806,18207,1
807,24653,-1
808,25253,1
809,28274,2
810,21208,3
811,17517,3
812,21255,-1
813,20106,-2
814,20072,-3
815,24945,1
816,23850,-1
817,23271,3
818,23515,4
819,20652,-1
820,28462,-2
821,28298,1
822,20075,-2
823,19516,-3
824,20003,-3
825,20713,-3
826,30864,-4
827,27577,1
828,20776,1
829,21959,-1
830,26004,1
831,28773,1
832,27561,-1
833,31076,-2
834,39364,1
835,39479,-1
836,39682,-2
837,38092,-1
838,21889,1
839,21135,2
840,27734,3
841,25572,-1
842,32339,-2
843,29040,1
844,38815,-1
845,26080,1
846,25126,-1
847,28483,-2
848,29431,-2
849,35852,-3
850,32118,-4
851,30900,-4
852,32033,1
853,33237,-1
854,34834,-2
855,36548,-3
856,36287,1
857,26263,1
858,23733,2
859,23898,3
860,38596,3
861,38811,-1
862,39433,1
863,27009,-2
864,26389,1
865,23756,2
866,29223,1
867,30063,2
868,27180,3
869,28563,3
870,27828,4
871,25417,5
872,19750,-1
873,16982,1
874,32084,2
875,30854,-1
876,23128,1
877,23702,2
878,24539,3
879,38579,-1
880,20199,-1
881,26378,1
882,23436,-1
883,20057,-2
884,18020,1
885,16523,-1
886,20103,1
887,21250,-1
888,23458,1
889,21816,-4
890,26104,1
891,22029,2
892,18007,-1
893,20901,-2
894,18028,1
895,23048,-1
896,22437,-2
897,18580,-3
898,22077,1
899,24121,2
900,25519,-1
901,25081,1
902,23095,-3
903,31037,-4
904,25149,-5
905,23847,-6
906,21337,-7
907,21517,-8
908,22170,1
909,20166,2
910,24391,-1
911,22144,-2
912,36005,-2
913,35155,1
914,35403,-1
915,23856,-2
916,23008,1
917,24057,-1
918,31077,1
919,20695,-1
920,27233,-2
921,26395,-3
922,27737,1
923,30055,-1
924,30042,1
925,37110,3
926,28093,3
927,26978,-1
928,27513,-3
929,33919,-4
930,28278,-5
931,24142,1
932,21661,2
933,23873,3
934,28088,4
935,23130,2
936,24854,-1
937,25517,1
938,24695,3
939,25029,-1
940,27079,-2
941,28308,-2
942,30021,1
943,25033,2
944,24120,-4
945,21632,1
946,20346,2
947,22063,1
948,26711,1
949,26719,-1
950,22319,1
951,22750,2
952,25015,3
953,19010,-1
954,21744,1
955,26249,2
956,22018,-1
957,21320,-2
958,23934,-3
959,20524,1
960,38676,1
961,33025,2
962,25143,-1
963,13732,-2
964,11267,-2
965,13818,-3
966,11836,-4
967,20266,-1
968,20414,-1
969,20057,1
970,22811,-1
971,15212,-1
972,15192,-1
973,17314,1
974,19129,1
975,20066,-1
976,22636,-2
977,23538,1
978,21473,2
979,20026,-7
980,20064,-8
981,20167,-9
982,21371,-9
983,27151,-10
984,22182,-11
985,19168,3
986,26200,-1
987,23062,-2
988,23107,-4
989,25672,1
990,25743,-1
991,22452,-2
992,22880,-3
993,20398,-4
994,33215,-2
995,30282,1
996,32311,2
997,22798,-1
998,30337,-2
999,26545,-3
1000,30183,4
1001,30271,-1
1002,21288,1
1003,27129,-1
1004,25399,1
1005,27190,-1
1006,37788,-3
1007,34715,1
1008,32261,2
1009,32060,-2
1010,28571,-3
1011,30202,-4
1012,30097,-5
1013,27194,-6
1014,25151,-7
1015,25041,1
1016,26686,-1
1017,25106,-2
1018,27561,-1
1019,24247,-2
1020,26319,-3
1021,25058,-4
1022,27562,1
1023,23146,-1
1024,21676,-2
1025,15698,-3
1026,17336,-4
1027,26660,-6
1028,26227,1
1029,19356,2
1030,30287,3
1031,26504,4
1032,30667,-1
1033,29130,1
1034,20206,-2
1035,13797,-2
1036,20166,-3
1037,18630,-4
1038,25264,-5
1039,26559,-6
1040,26831,-7
1041,14213,1
1042,15036,-1
1043,15312,1
1044,22461,-1
1045,18708,-2
1046,22417,-1
1047,19587,-2
1048,14950,-3
1049,16765,1
1050,15056,-1
1051,20008,1
1052,25270,2
1053,22677,3
1054,22638,-1
1055,28774,-2
1056,22088,1
1057,21816,-1
1058,21984,-1
1059,21298,-2
1060,20393,-4
1061,23705,-5
1062,25464,-6
1063,30631,1
1064,21156,1
1065,22861,1
1066,23735,-1
1067,31033,-2
1068,18126,1
1069,20700,-1
1070,20787,1
1071,18249,-1
1072,28628,2
1073,26289,-1
1074,27032,1
1075,19746,2
1076,26001,-1
1077,21321,1
1078,31552,2
1079,25613,-1
1080,27294,1
1081,27729,-1
1082,23195,-2
1083,25919,1
1084,26793,-1
1085,30348,1
1086,18342,-1
1087,26172,1
1088,24079,2
1089,27948,-4
1090,23826,-4
1091,25707,-5
1092,23804,-1
1093,24529,1
1094,26344,2
1095,19590,-1
1096,22292,-2
1097,20058,-3
1098,31891,-3
1099,22079,-4
1100,25960,1
1101,13404,-1
1102,15491,-2
1103,15961,1
1104,17193,-2
1105,19172,1
1106,15799,2
1107,14375,-1
1108,15533,-2
1109,28024,1
1110,18631,-1
1111,15018,-2
1112,15964,-3
1113,14520,-4
1114,19122,-1
1115,16434,1
1116,24474,1
1117,22235,-1
1118,22633,-2
1119,10625,-1
1120,11056,-2
1121,11116,1
1122,13605,-1
1123,27332,1
1124,14281,-1
1125,13402,-2
1126,13302,-2
1127,17454,-4
1128,17210,-2
1129,22412,-3
1130,17313,-4
1131,11268,1
1132,17023,1
1133,15157,-1
1134,21075,-3
1135,26332,-4
1136,19118,1
1137,24634,-1
1138,18612,-2
1139,21677,-1
1140,27091,1
1141,33413,-1
1142,39142,1
1143,17075,-1
1144,14237,1
1145,14228,-1
1146,25342,-2
1147,19025,-3
1148,23185,1
1149,18803,-1
1150,18424,1
1151,20626,-1
1152,22773,-2
1153,24527,1
1154,29152,-1
1155,25278,2
1156,20059,-1
1157,20233,1
1158,18207,2
1159,30297,3
1160,23113,4
1161,23257,-1
1162,28777,-2
1163,28210,-3
1164,26256,-4
1165,18888,-5
1166,20428,-5
1167,23811,1
1168,28060,1
1169,27446,2
1170,23471,-1
1171,17040,1
1172,21827,1
1173,18898,2
1174,22739,-1
1175,29420,-2
1176,25761,-3
1177,17686,1
1178,13307,2
1179,15137,3
1180,12462,3
1181,11976,4
1182,13016,-1
1183,17071,-2
1184,20556,1
1185,26336,2
1186,15517,-3
1187,12150,-4
1188,15046,-5
1189,12314,-6
1190,20106,-7
1191,17044,1
1192,19587,2
1193,27416,2
1194,38160,3
1195,32266,-1
1196,38533,1
1197,22317,-1
1198,23057,1
1199,13055,-1
1200,14032,1
1201,14429,2
1202,14218,-1
1203,20350,-2
1204,23317,1
1205,16351,-3
1206,18268,-4
1207,20081,1
1208,27980,1
1209,20123,-1
1210,17712,-1
1211,15681,-1
1212,15146,-2
1213,18321,1
1214,21067,2
1215,38714,-1
1216,30180,1
1217,24761,1
1218,28368,-1
1219,29059,1
1220,17352,2
1221,18439,2
1222,17455,-1
1223,19194,-1
1224,21296,1
1225,22864,-1
1226,25738,-2
1227,33668,1
1228,27384,3
1229,22559,-1
1230,22519,1
1231,24593,2
1232,17028,-1
1233,17032,2
1234,23298,-1
1235,25807,1
1236,33559,-1
1237,32175,1
1238,29728,-1
1239,30046,1
1240,30359,2
1241,34379,3
1242,38840,4
1243,16496,5
1244,18499,5
1245,20028,6
1246,20036,4
1247,17137,4
1248,17171,5
1249,36386,7
1250,39579,8
1251,39475,9
1252,18051,4
1253,14393,5
1254,17812,6
1255,15076,-1
1256,27870,-2
1257,26011,-3
1258,28031,-4
1259,14757,3
1260,11990,4
1261,11667,5
1262,15641,-1
1263,26065,2
1264,23159,-1
1265,12221,-2
1266,12446,-2
1267,13005,1
1268,12406,2
1269,13024,2
1270,12818,3
1271,12825,4
1272,18030,5
1273,17772,6
1274,19800,7
1275,38019,3
1276,20192,-1
1277,14706,-1
1278,12093,1
1279,12785,2
1280,11418,-1
1281,15486,1
1282,20182,2
1283,26058,-1
1284,15025,1
1285,14383,2
1286,20126,3
1287,23054,4
1288,28049,5
1289,23801,6
1290,13481,-1
1291,14936,-2
1292,20096,1
1293,24020,-1
1294,27631,1
1295,34526,-1
1296,21550,-3
1297,22561,1
1298,18812,1
1299,15273,-1
1300,20014,1
1301,23290,1
1302,31183,-1
1303,30363,1
1304,16314,2
1305,17403,-1
1306,20292,1
1307,27196,-4
1308,25776,1
1309,28345,-1
1310,22072,1
1311,18571,2
1312,26158,3
1313,30955,-4
1314,20773,1
1315,21144,-1
1316,26199,-3
1317,23888,-4
1318,29156,-5
1319,24938,1
1320,22611,1
1321,32527,2
1322,30281,-1
1323,39510,1
1324,39553,-1
1325,26553,4
1326,28491,5
1327,31040,6
1328,20011,4
1329,21178,-1
1330,23030,1
1331,18843,1
1332,15630,2
1333,19072,3
1334,25651,3
1335,27318,4
1336,25538,-1
1337,18653,1
1338,15155,2
1339,13078,-1
1340,20653,-2
1341,20148,1
1342,20107,-1
1343,12588,1
1344,15588,2
1345,15808,-1
1346,14190,1
1347,13665,1
1348,14798,2
1349,12976,3
1350,14792,-1
1351,19007,-1
1352,25730,1
1353,21904,-1
1354,36534,-1
1355,10842,1
1356,14004,2
1357,23024,-1
1358,24074,1
1359,18159,2
1360,32044,3
1361,24444,4
1362,11484,-1
1363,14591,1
1364,18218,2
1365,14498,-3
1366,16084,-1
1367,24194,-1
1368,29111,1
1369,22518,-1
1370,17842,3
1371,27578,-2
1372,27148,-3
1373,21852,-4
1374,19075,-5
1375,17665,1
1376,15038,-1
1377,20008,1
1378,20139,-1
1379,25370,1
1380,38618,-1
1381,28089,1
1382,20339,-1
1383,18023,1
1384,15259,-1
1385,21032,-2
1386,18838,1
1387,22915,-1
1388,26206,-2
1389,20311,-2
1390,21743,1
1391,24502,2
1392,23088,4
1393,24907,5
1394,38517,1
1395,39422,2
1396,20387,3
1397,30115,-1
1398,28152,1
1399,13023,2
1400,14622,2
1401,20878,3
1402,13974,1
1403,14824,-1
1404,18034,-2
1405,18137,-2
1406,20413,1
1407,27351,-1
1408,14493,3
1409,14053,3
1410,15605,4
1411,16013,5
1412,23171,-1
1413,29489,-2
1414,22532,1
1415,13585,4
1416,17700,5
1417,17633,6
1418,16848,-1
1419,12369,-2
1420,13403,-3
1421,17019,1
1422,16852,2
1423,17688,-1
1424,16458,-2
1425,18041,1
1426,20306,2
1427,18791,-1
1428,13443,1
1429,13786,2
1430,17012,-1
1431,19596,1
1432,33318,-2
1433,16625,-1
1434,11131,1
1435,10377,2
1436,10069,2
1437,10431,-1
1438,14211,1
1439,23902,2
1440,17167,-1
1441,13614,1
1442,10761,1
1443,11417,2
1444,13260,-2
1445,15935,-2
1446,23765,-3
1447,17424,-4
1448,12871,1
1449,12476,2
1450,17666,-1
1451,16373,-1
1452,25611,1
1453,16829,1
1454,11628,2
1455,12590,2
1456,17056,-1
1457,19147,-2
1458,20004,1
1459,29281,2
1460,25338,3
1461,13125,-1
1462,12357,1
1463,19390,-1
1464,17183,-2
1465,22813,-2
1466,23195,1
1467,26746,2
1468,18323,-1
1469,20457,-2
1470,21908,-3
1471,16276,-5
1472,19466,1
1473,21610,-1
1474,23245,-1
1475,26319,1
1476,19361,-1
1477,20159,1
1478,23434,2
1479,20524,2
1480,29442,-1
1481,23836,-2
1482,15250,1
1483,18019,-1
1484,19682,1
1485,22084,-1
1486,19643,1
1487,27038,2
1488,18772,-1
1489,28061,1
1490,23853,-1
1491,24556,2
1492,19018,3
1493,22033,-1
1494,23133,-2
1495,15160,-3
1496,18015,-1
1497,23625,1
1498,22639,-1
1499,30745,1
1500,15540,2
1501,13012,-1
1502,16036,-2
1503,18236,2
1504,27146,2
1505,24020,-2
1506,34027,-1
1507,39724,-2
1508,39449,1
1509,18217,2
1510,17040,-1
1511,25598,-2
1512,32723,-5
1513,31286,-6
1514,12509,1
1515,11734,-1
1516,10799,1
1517,11107,1
1518,12553,-1
1519,13583,1
1520,14358,2
1521,18016,-1
1522,14539,1
1523,14717,2
1524,15118,4
1525,17504,4
1526,30068,5
1527,36553,6
1528,16471,2
1529,18823,2
1530,20119,-1
1531,17078,-2
1532,22908,1
1533,18605,-1
1534,20139,-1
1535,13479,-2
1536,16167,-3
1537,22182,1
1538,21652,1
1539,25873,-1
1540,26453,-2
1541,16305,3
1542,16790,-1
1543,25311,1
1544,31438,-1
1545,36074,-2
1546,37277,1
1547,28218,1
1548,27908,-1
1549,27244,1
1550,23161,-3
1551,25617,-4
1552,38634,1
1553,38554,2
1554,14741,-1
1555,14043,-2
1556,19098,-3
1557,22087,1
1558,22602,1
1559,34085,-1
1560,27595,-2
1561,15947,1
1562,25812,-1
1563,23477,1
1564,18318,2
1565,27026,-1
1566,30951,-2
1567,18899,-1
1568,18563,4
1569,27016,5
1570,26454,-1
1571,25553,-2
1572,12175,-3
1573,16802,1
1574,15886,2
1575,20026,3
1576,25230,-1
1577,22681,-2
1578,15196,1
1579,14385,-1
1580,13838,-2
1581,13940,-6
1582,15980,-7
1583,16273,-8
1584,19534,2
1585,43510,-1
1586,41533,-1
1587,39709,-2
1588,40034,1
1589,40249,2
1590,40601,-1
1591,36006,1
1592,35266,1
1593,35279,-1
1594,37338,1
1595,44002,-1
1596,43390,-2
1597,42284,1
1598,34837,-1
1599,39619,-1
1600,34190,-3
1601,36798,1
1602,39007,2
1603,35700,3
1604,41290,4
1605,41744,5
1606,41569,6
1607,35826,-1
1608,43174,-1
1609,34504,-2
1610,41770,-1
1611,39382,1
1612,40017,-1
1613,39289,-3
1614,37484,-3
1615,37416,1
1616,41595,-4
1617,41001,-5
1618,44043,-6
1619,37228,1
1620,39225,-1
1621,37314,1
1622,38514,1
1623,41867,2
1624,41162,3
1625,40005,3
1626,39112,-1
1627,42116,1
1628,41959,1
1629,41449,-1
1630,42977,-2
1631,38883,-3
1632,40364,2
1633,40120,2
1634,44052,3
1635,43024,-2
1636,41011,-3
1637,41019,-4
1638,40011,2
1639,43512,2
1640,39093,3
1641,40606,-2
1642,42059,-3
1643,38138,1
1644,39127,-1
1645,43577,-1
1646,37009,1
1647,41037,3
1648,43127,4
1649,38232,-1
1650,39107,-2
1651,38619,-3
1652,37857,-4
1653,42203,-6
1654,39123,1
1655,42357,2
1656,41404,1
1657,41707,1
1658,41222,-1
1659,41046,1
1660,40758,2
1661,42686,-1
1662,40414,-2
1663,43163,1
1664,39199,2
1665,43853,-2
1666,43513,1
1667,43525,2
1668,32864,-1
1669,43529,1
1670,31049,-1
1671,37003,1
1672,39005,2
1673,40025,3
1674,35107,-1
1675,37115,1
1676,37228,-1
1677,37247,-2
1678,36447,-2
1679,37684,-3
1680,40124,-4
1681,38561,1
1682,40128,-1
1683,39151,1
1684,40211,-2
1685,43511,1
1686,40098,-1
1687,36215,-2
1688,39117,-3
1689,40253,1
1690,33412,-1
1691,42521,-1
1692,43619,-2
1693,43524,1
1694,32287,2
1695,38833,-1
1696,33157,1
1697,38254,-2
1698,38911,-3
1699,39114,1
1700,35032,1
1701,41029,2
1702,35257,-1
1703,41253,-2
1704,42232,1
1705,42536,-1
1706,43012,-2
1707,39006,-3
1708,31549,-4
1709,41223,-5
1710,40161,1
1711,44111,2
1712,39505,3
1713,43103,-3
1714,40052,-4
1715,38315,1
1716,37565,1
1717,35555,2
1718,40365,-1
1719,38727,-1
1720,42017,1
1721,38823,2
1722,36663,3
1723,43711,-1
1724,36581,-2
1725,41123,-3
1726,38156,1
1727,43201,2
1728,37148,-1
1729,37728,1
1730,36610,2
1731,37198,4
1732,39102,5
1733,36638,6
1734,35497,-1
1735,36533,-2
1736,37459,1
1737,41014,2
1738,42774,3
1739,42581,4
1740,39217,1
1741,41113,2
1742,40794,-1
1743,39716,1
1744,39529,2
1745,39612,-1
1746,44106,1
1747,40022,2
1748,32227,3
1749,27338,6
1750,41016,6
1751,27217,-1
1752,27864,-2
1753,32272,1
1754,38054,2
1755,38221,3
1756,27027,3
1757,30039,-1
1758,27288,1
1759,28359,-1
1760,33160,-1
1761,39018,-2
1762,37548,1
1763,32851,4
1764,31762,5
1765,39027,-1
1766,30786,-2
1767,44016,2
1768,42065,-1
1769,40111,-2
1770,40080,-4
1771,44227,-5
1772,42465,1
1773,36079,-1
1774,35021,1
1775,37342,2
1776,37096,-1
1777,42483,1
1778,42222,-1
1779,41234,1
1780,38010,1
1781,40321,-1
1782,44548,-3
1783,44512,-4
1784,43975,1
1785,38104,2
1786,42716,3
1787,41147,-1
1788,37108,-2
1789,43936,1
1790,39086,2
1791,42160,3
1792,35047,4
1793,35051,5
1794,39107,-1
1795,40136,-3
1796,41232,1
1797,35477,2
1798,39016,1
1799,38722,2
1800,36505,-1
1801,36620,1
1802,39827,2
1803,37554,3
1804,38591,4
1805,37298,-1
1806,41086,-2
1807,36789,1
1808,38745,-2
1809,37841,-3
1810,39013,1
1811,40104,-2
1812,41154,-3
1813,38216,1
1814,36064,-1
1815,37794,-1
1816,38097,-2
1817,38029,-3
1818,36948,-1
1819,37093,-1
1820,38205,1
1821,39326,-1
1822,41440,1
1823,36546,-1
1824,38538,1
1825,37916,-1
1826,37377,1
1827,44014,3
1828,36011,-1
1829,43533,1
1830,37674,2
1831,43520,-1
1832,36126,1
1833,39023,-4
1834,35081,-4
1835,41147,-6
1836,36192,1
1837,35353,1
1838,37154,2
1839,35118,-1
1840,40140,-1
1841,32136,-2
1842,38047,-3
1843,32203,2
1844,33028,-1
1845,31917,1
1846,37711,2
1847,37546,2
1848,37165,-1
1849,38190,-2
1850,34095,1
1851,33313,-1
1852,39172,2
1853,42231,-1
1854,34401,-2
1855,40087,1
1856,35515,-1
1857,30010,-2
1858,32223,1
1859,30171,2
1860,40621,-1
1861,40486,-2
1862,41204,1
1863,30258,-1
1864,33040,-1
1865,35401,-1
1866,37711,1
1867,40136,-1
1868,41114,-2
1869,35069,1
1870,39455,2
1871,35025,3
1872,42707,4
1873,37092,-1
1874,36112,1
1875,39018,-1
1876,43515,-1
1877,43572,1
1878,37441,2
1879,33363,3
1880,39177,4
1881,38209,5
1882,37179,-1
1883,38884,1
1884,41253,2
1885,33936,3
1886,34040,4
1887,34233,5
1888,34777,-1
1889,39074,8
1890,40246,9
1891,36896,10
1892,36574,-1
1893,36421,-2
1894,35810,1
1895,37557,4
1896,34332,5
1897,34025,6
1898,34623,-1
1899,39591,-1
1900,40558,-2
1901,35423,-3
1902,39469,1
1903,41001,-1
1904,39099,1
1905,41147,2
1906,38158,2
1907,36226,3
1908,44152,-1
1909,43567,-1
1910,38007,1
1911,42871,-1
1912,40027,1
1913,38855,2
1914,37120,3
1915,34887,3
1916,37344,-1
1917,37654,-1
1918,35131,-1
1919,33334,-1
1920,42989,3
1921,39107,-1
1922,37765,1
1923,39701,-1
1924,40106,-2
1925,44083,1
1926,34441,-1
1927,38796,-1
1928,42224,1
1929,36655,-1
1930,33150,-2
1931,30150,-2
1932,40112,1
1933,35082,-1
1934,42140,1
1935,36114,-1
1936,38521,-2
1937,39089,1
1938,35793,-1
1939,36838,1
1940,31942,2
1941,36793,3
1942,41637,3
1943,37026,-1
1944,37191,1
1945,37086,-1
1946,39082,1
1947,32209,2
1948,37625,-2
1949,43557,1
1950,40479,2
1951,33552,-1
1952,38189,1
1953,38111,1
1954,35726,-1
1955,42517,2
1956,40231,-1
1957,37128,-2
1958,39028,1
1959,35353,2
1960,40185,-1
1961,40146,-2
1962,42915,-2
1963,43569,1
1964,36252,2
1965,43669,1
1966,44561,2
1967,38016,3
1968,42159,-1
1969,36300,-2
1970,37296,2
1971,38802,3
1972,35350,-1
1973,33028,-1
1974,34657,1
1975,41056,2
1976,41177,2
1977,44018,-1
1978,44205,-2
1979,33339,1
1980,38041,-1
1981,35364,1
1982,36137,2
1983,36193,3
1984,36875,-1
1985,40835,-2
1986,38467,1
1987,35890,2
1988,27166,-1
1989,44489,1
1990,44154,-1
1991,37060,-2
1992,35228,7
1993,32137,7
1994,30034,-1
1995,24304,-2
1996,41054,-3
1997,38016,1
1998,35053,2
1999,25024,4
2000,33394,-1
2001,25160,1
2002,25097,-1
2003,40006,1
2004,40210,2
2005,30929,2
2006,28150,4
2007,30129,5
2008,38055,-1
2009,32334,1
2010,36180,2
2011,32261,-1
2012,41901,-1
2013,40369,-2
2014,37143,1
2015,27078,-1
2016,28771,1
2017,28245,1
2018,42113,3
2019,43548,4
2020,35143,-1
2021,35193,1
2022,40099,-1
2023,34153,1
2024,41208,-1
2025,33543,-2
2026,41137,2
2027,40514,3
2028,38387,-1
2029,42056,1
2030,42036,-1
2031,40938,1
2032,43234,1
2033,43631,-1
2034,38042,2
2035,38937,-1
2036,40239,-2
2037,36134,1
2038,42046,2
2039,43052,3
2040,38539,-1
2041,37030,4
2042,38159,4
2043,33099,-1
2044,42578,2
2045,43041,-1
2046,37154,-2
2047,36431,3
2048,37114,3
2049,35036,-1
2050,37142,-2
2051,41110,-2
2052,42578,-3
2053,37060,-4
2054,37073,-1
2055,39889,1
2056,38367,2
2057,44488,3
2058,41086,4
2059,42799,5
2060,39636,-1
2061,41130,-2
2062,41550,1
2063,38355,2
2064,37866,-1
2065,35243,-2
2066,31858,-3
2067,33470,-4
2068,34033,1
2069,37042,1
2070,39089,3
2071,35207,-1
2072,38106,-2
2073,35097,1
2074,40755,2
2075,41058,-1
2076,37754,1
2077,31061,2
2078,34428,-1
2079,35142,-2
2080,41253,-1
2081,40142,-2
2082,41086,1
2083,30679,-1
2084,33378,1
2085,35413,-1
2086,44006,1
2087,45007,-1
2088,40987,-2
2089,40137,-3
2090,41280,-4
2091,39047,4
2092,38176,-1
2093,36538,1
2094,38541,2
2095,35125,-1
2096,35053,1
2097,39487,-1
2098,38296,1
2099,36383,-1
2100,36424,-2
2101,36272,-3
2102,36717,1
2103,36412,6
2104,41356,6
2105,40643,-1
2106,36715,-2
2107,36839,-3
2108,38781,1
2109,36683,2
2110,42031,3
2111,39620,4
2112,36834,-1
2113,36020,-2
2114,36368,-2
2115,37095,1
2116,41257,-1
2117,39113,-1
2118,43150,1
2119,39553,-1
2120,36052,1
2121,37306,-1
2122,34196,-2
2123,35840,-1
2124,37546,-1
2125,36950,1
2126,37721,2
2127,40256,-1
2128,44129,-2
2129,40309,-3
2130,34161,2
2131,33042,-1
2132,34215,-1
2133,42139,5
2134,39146,-1
2135,35052,1
2136,29932,-1
2137,32139,1
2138,33501,-1
2139,37559,1
2140,42159,-1
2141,39195,1
2142,36270,2
2143,29934,5
2144,27531,5
2145,32524,-1
2146,30112,1
2147,32487,-1
2148,28083,-2
2149,43911,2
2150,42668,-1
2151,37175,-2
2152,34044,-1
2153,34599,-1
2154,30255,1
2155,40176,1
2156,41345,-1
2157,35034,-2
2158,25304,1
2159,30124,-1
2160,30248,1
2161,37603,-1
2162,34556,-1
2163,41097,1
2164,38385,2
2165,30207,5
2166,44311,-1
2167,40251,1
2168,36215,2
2169,29445,-1
2170,36089,-2
2171,33234,-3
2172,38251,4
2173,32028,5
2174,35795,6
2175,33426,-1
2176,39042,-2
2177,40236,1
2178,39701,2
2179,36245,4
2180,33159,4
2181,43851,5
2182,34884,6
2183,34184,-1
2184,41209,1
2185,40178,2
2186,44669,1
2187,44807,-1
2188,40059,1
2189,44644,2
2190,39279,3
2191,38119,6
2192,38515,7
2193,36178,8
2194,43345,9
2195,41065,10
2196,37714,-1
2197,43829,-2
2198,40471,1
2199,36344,8
2200,34623,9
2201,34710,-1
2202,43330,1
2203,39180,2
2204,38278,3
2205,34142,4
2206,35723,4
2207,36202,-1
2208,35204,-1
2209,37033,1
2210,35497,2
2211,34032,-1
2212,42333,1
2213,41101,2
2214,37606,-1
2215,33719,-2
2216,36229,-2
2217,36022,-3
2218,36088,-11
2219,33899,1
2220,35715,2
2221,41409,2
2222,40719,3
2223,36709,4
2224,36171,-2
2225,38424,-3
2226,29863,-4
2227,35106,4
2228,38075,-1
2229,34940,1
2230,43904,2
2231,35007,-1
2232,32412,-2
2233,36023,-3
2234,40129,-3
2235,44742,-4
2236,44822,2
2237,34508,3
2238,36253,4
2239,37494,4
2240,42666,-1
2241,44544,1
2242,40416,-2
2243,44649,-3
2244,44593,1
2245,32345,-3
2246,32156,-4
2247,35879,1
2248,30127,1
2249,43521,-1
2250,40117,-2
2251,38029,-3
2252,28229,-4
2253,28358,-4
2254,28078,-5
2255,30487,-6
2256,40067,1
2257,37232,1
2258,38560,3
2259,33511,-1
2260,44603,1
2261,33541,2
2262,32553,3
2263,31514,3
2264,36512,4
2265,33809,-1
2266,33088,-1
2267,30416,-2
2268,38028,-2
2269,40612,1
2270,33102,2
2271,44323,4
2272,44409,-1
2273,42213,1
2274,33092,1
2275,35591,-1
2276,44027,1
2277,42422,1
2278,44264,2
2279,35298,-1
2280,35285,1
2281,33937,2
2282,34321,-1
2283,33826,-2
2284,42336,1
2285,43325,2
2286,35396,3
2287,34073,1
2288,35824,1
2289,38832,2
2290,42722,1
2291,39425,-1
2292,38364,-2
2293,42788,-3
2294,41654,1
2295,37530,2
2296,35305,3
2297,35207,3
2298,32891,1
2299,33756,-1
2300,33028,-2
2301,33328,1
2302,39872,2
2303,42292,3
2304,35578,4
2305,29052,2
2306,36308,3
2307,35991,-1
2308,35041,-2
2309,43762,1
2310,36892,2
2311,42027,2
2312,41089,2
2313,31747,3
2314,42076,4
2315,28571,5
2316,28793,-1
2317,30446,-2
2318,33592,4
2319,41021,5
2320,41147,6
2321,34155,-1
2322,35403,1
2323,38016,1
2324,37928,-1
2325,39584,-2
2326,38797,-1
2327,33082,1
2328,40064,-1
2329,18177,1
2330,17614,2
2331,43444,3
2332,43415,4
2333,43329,-1
2334,34177,1
2335,32316,1
2336,30992,-1
2337,43806,-1
2338,36392,1
2339,39406,2
2340,36009,6
2341,36065,7
2342,34109,-1
2343,41495,-1
2344,40569,-2
2345,41614,1
2346,45477,2
2347,45404,-1
2348,37260,-1
2349,35272,1
2350,40231,-1
2351,41913,1
2352,41447,-1
2353,37668,-2
2354,43140,-3
2355,41549,-4
2356,38560,1
2357,35431,2
2358,42678,3
2359,35738,-1
2360,35928,1
2361,36214,-2
2362,38852,-2
2363,42289,1
2364,35447,2
2365,35457,-1
2366,33907,-2
2367,37511,1
2368,33527,2
2369,33568,2
2370,33544,3
2371,33533,4
2372,39206,-1
2373,39419,1
2374,35436,-1
2375,39008,-2
2376,37535,1
2377,39788,-1
2378,43036,-2
2379,39382,-3
2380,35753,1
2381,35508,1
2382,33952,2
2383,39914,1
2384,39056,2
2385,36709,-1
2386,34505,1
2387,36865,2
2388,39658,3
2389,41763,4
2390,35814,5
2391,34693,6
2392,56000,-1
2393,44621,-2
2394,39697,1
2395,49319,-1
2396,44734,1
2397,50433,2
2398,40185,1
2399,46775,1
2400,40483,-1
2401,39339,-2
2402,50714,-4
2403,35659,-5
2404,38456,-6
2405,40567,-7
2406,42287,1
2407,40718,2
2408,35282,3
2409,55662,-1
2410,40138,-2
2411,38856,1
2412,44282,2
2413,45117,-1
2414,46053,1
2415,45325,2
2416,36533,3
2417,35355,-1
2418,35333,1
2419,42459,2
2420,48207,3
2421,37944,4
2422,44876,5
2423,48046,6
2424,43299,-1
2425,52407,-1
2426,52806,1
2427,52776,2
2428,56000,-1
2429,56000,-2
2430,56000,1
2431,47801,1
2432,41575,-1
2433,41947,-2
2434,43640,-3
2435,43790,-4
2436,49016,1
2437,45398,-1
2438,45056,-1
2439,53381,-1
2440,45151,1
2441,42299,-1
2442,44626,-2
2443,43506,-3
2444,39897,1
2445,40860,1
2446,38886,1
2447,48988,-1
2448,44739,-2
2449,39153,-3
2450,44896,1
2451,43639,2
2452,49540,-1
2453,44268,-2
2454,45104,-3
2455,46418,1
2456,49435,-1
2457,44788,1
2458,44896,-3
2459,45164,1
2460,37080,-1
2461,43046,1
2462,48220,-1
2463,43758,-2
2464,38449,-1
2465,40191,1
2466,37402,-1
2467,44166,2
2468,33728,3
2469,33040,-1
2470,36713,-1
2471,41918,1
2472,38007,-1
2473,44834,1
2474,40809,-1
2475,50896,-2
2476,34288,2
2477,36282,2
2478,31614,3
2479,27439,4
2480,28292,5
2481,41596,-1
2482,29473,1
2483,30711,2
2484,36870,-1
2485,34453,1
2486,39869,-1
2487,30239,1
2488,38017,-1
2489,28419,-2
2490,35506,-1
2491,30602,-2
2492,40654,1
2493,35346,-1
2494,42138,-2
2495,30421,-3
2496,34248,-4
2497,34407,-1
2498,29971,1
2499,30621,-1
2500,36962,1
2501,31473,2
2502,36975,-1
2503,31372,-1
2504,39233,1
2505,30443,2
2506,35053,-1
2507,36124,1
2508,44665,-1
2509,29355,1
2510,37769,2
2511,30332,-1
2512,43640,1
2513,41108,2
2514,43104,3
2515,56000,2
2516,32329,3
2517,31005,4
2518,56000,-1
2519,38529,1
2520,29744,2
2521,35249,3
2522,39839,2
2523,34590,3
2524,36458,-1
2525,28860,1
2526,50664,-1
2527,29976,1
2528,35169,3
2529,37139,-1
2530,43935,1
2531,35380,1
2532,46547,1
2533,41807,2
2534,33642,-2
2535,36111,1
2536,36339,-1
2537,38960,6
2538,35537,-1
2539,38503,1
2540,29764,-1
2541,36589,-2
2542,27767,1
2543,30616,-1
2544,31404,-2
2545,29799,1
2546,25381,2
2547,41148,2
2548,32514,-1
2549,37802,-2
2550,32526,-1
2551,32334,1
2552,37560,2
2553,56000,1
2554,29729,1
2555,28328,-1
2556,31601,-2
2557,46549,-3
2558,38359,1
2559,26376,-1
2560,44014,-1
2561,26345,-2
2562,44807,-4
2563,54242,-5
2564,48753,1
2565,43713,2
2566,32799,3
2567,33993,-1
2568,35591,1
2569,33735,-1
2570,49124,1
2571,24312,-1
2572,47077,-2
2573,40906,-1
2574,39383,1
2575,44005,-1
2576,36283,3
2577,36561,4
2578,33306,5
2579,38016,6
2580,51137,7
2581,25509,8
2582,26773,-1
2583,50559,3
2584,55279,4
2585,43494,-1
2586,40432,1
2587,45210,-1
2588,53504,1
2589,49006,3
2590,49763,4
2591,44217,-1
2592,55359,-2
2593,34493,1
2594,33884,2
2595,53570,-1
2596,43873,2
2597,54014,-1
2598,39715,-2
2599,32238,1
2600,53498,-1
2601,39955,1
2602,33180,-2
2603,52832,1
2604,36596,2
2605,43537,-2
2606,46588,-3
2607,42495,1
2608,32659,-1
2609,55024,1
2610,37084,-1
2611,36878,-4
2612,56000,-4
2613,40173,1
2614,39805,3
2615,40284,4
2616,41907,-1
2617,54621,2
2618,37622,3
2619,35992,4
2620,31607,5
2621,33540,-1
2622,40619,1
2623,50560,2
2624,43309,-3
2625,40167,1
2626,42449,2
2627,35754,-1
2628,37133,-1
2629,40724,1
2630,35607,1
2631,33624,-1
2632,42473,1
2633,34014,-1
2634,45431,1
2635,52906,1
2636,40607,-2
2637,39446,-3
2638,52053,1
2639,52136,2
2640,35898,-1
2641,52393,-2
2642,44930,-2
2643,50224,1
2644,49003,-1
2645,31570,-2
2646,47602,-3
2647,32848,-4
2648,30981,-2
2649,33611,-2
2650,31512,-3
2651,41721,1
2652,42208,2
2653,43959,3
2654,32337,-1
2655,51729,-2
2656,36721,1
2657,45134,5
2658,49368,6
2659,43244,7
2660,49953,8
2661,46443,-1
2662,37055,-3
2663,37544,-4
2664,40040,1
2665,44196,-1
2666,47164,-1
2667,52716,-1
2668,39028,-1
2669,38275,-2
2670,42844,-3
2671,41927,-4
2672,40994,-3
2673,47193,-3
2674,41721,1
2675,51037,2
2676,48828,3
2677,52455,4
2678,42405,5
2679,52740,1
2680,50796,1
2681,51992,-1
2682,51402,-2
2683,53275,1
2684,51841,2
2685,52675,-1
2686,48671,-2
2687,52447,-4
2688,53013,-5
2689,51083,-4
2690,52619,1
2691,52248,2
2692,42915,-1
2693,46335,-2
2694,44091,-3
2695,50240,-4
2696,48165,1
2697,44109,2
2698,40965,3
2699,52326,3
2700,38851,4
2701,51769,1
2702,53121,2
2703,52168,3
2704,52410,-1
2705,41867,-2
2706,40818,1
2707,53393,2
2708,52650,3
2709,53062,-1
2710,47302,1
2711,52367,-1
2712,52879,-2
2713,52396,-3
2714,53493,-3
2715,49520,1
2716,48367,2
2717,53231,1
2718,42687,-1
2719,47680,1
2720,48541,2
2721,37447,-1
2722,37715,-2
2723,44826,1
2724,40776,2
2725,51699,-1
2726,44866,-1
2727,45241,1
2728,52359,-1
2729,43068,-2
2730,49171,-2
2731,47199,1
2732,51369,2
2733,37187,3
2734,50349,-1
2735,39498,1
2736,45505,1
2737,46013,-1
2738,41129,1
2739,39643,-1
2740,47503,1
2741,49455,-1
2742,51020,-2
2743,37336,-3
2744,44477,-3
2745,45540,-4
2746,42831,-1
2747,51422,-2
2748,52519,1
2749,44077,-1
2750,44175,-2
2751,46069,1
2752,48624,5
2753,48159,6
2754,50910,-1
2755,47739,1
2756,45627,-1
2757,46300,-1
2758,50199,2
2759,50332,1
2760,46073,2
2761,51794,3
2762,47131,4
2763,49630,3
2764,47386,-1
2765,51163,-2
2766,47900,1
2767,53354,2
2768,44713,-1
2769,53166,1
2770,53051,2
2771,47272,2
2772,50849,3
2773,43357,4
2774,45459,1
2775,46641,2
2776,39596,3
2777,44374,4
2778,51215,-1
2779,47290,-2
2780,41857,6
2781,43352,6
2782,38404,-1
2783,43074,1
2784,50823,2
2785,43460,3
2786,41886,4
2787,45213,5
2788,45586,6
2789,53500,-1
2790,49251,-2
2791,53387,1
2792,43328,2
2793,46631,-1
2794,48278,-2
2795,40356,-1
2796,52204,1
2797,42202,-3
2798,43115,1
2799,51287,-1
2800,48950,1
2801,45912,2
2802,44666,-1
2803,46704,-1
2804,50161,-1
2805,53285,-2
2806,50164,2
2807,43617,-1
2808,48136,-2
2809,44941,1
2810,49628,1
2811,38316,2
2812,42650,3
2813,46662,3
2814,48378,4
2815,44990,5
2816,48514,-1
2817,53479,1
2818,50182,-1
2819,44680,-2
2820,40667,1
2821,37837,-1
2822,45058,-2
2823,44649,-2
2824,47655,-3
2825,41500,-4
2826,42167,-5
2827,37738,-5
2828,47174,1
2829,42906,1
2830,46977,-1
2831,52503,1
2832,53123,2
2833,53509,-1
2834,52570,-1
2835,51252,1
2836,40027,2
2837,45180,3
2838,46614,3
2839,45135,4
2840,41290,5
2841,44200,-1
2842,49081,1
2843,43229,-1
2844,50182,1
2845,51788,-1
2846,53380,-3
2847,52979,-4
2848,52116,-5
2849,45722,1
2850,49384,-1
2851,44911,-2
2852,47216,-3
2853,43407,1
2854,46807,-1
2855,47388,-2
2856,44874,1
2857,51697,-1
2858,46679,-2
2859,40851,-3
2860,48060,-4
2861,41648,1
2862,43731,-1
2863,45311,-2
2864,45906,1
2865,49529,1
2866,49441,1
2867,47483,3
2868,38791,-1
2869,41419,-2
2870,46364,1
2871,38234,2
2872,45564,-2
2873,52352,1
2874,42863,2
2875,53279,2
2876,44244,3
2877,40879,4
2878,53449,4
2879,53409,-1
2880,48911,-2
2881,44954,-1
2882,41102,1
2883,38909,2
2884,44009,3
2885,49686,3
2886,45740,-1
2887,49271,-2
2888,42186,-3
2889,38858,-3
2890,40970,-4
2891,41765,-5
2892,46716,-6
2893,48459,1
2894,51350,2
2895,39583,3
2896,42514,4
2897,42519,1
2898,42278,2
2899,44855,-1
2900,46366,-1
2901,47126,1
2902,47950,-1
2903,38964,1
2904,40525,-1
2905,41324,-2
2906,44183,2
2907,44998,2
2908,44112,-1
2909,45931,1
2910,44712,2
2911,42307,-1
2912,43776,-2
2913,43644,-3
2914,46608,-4
2915,41836,1
2916,47378,-1
2917,45373,-2
2918,40899,1
2919,44759,2
2920,43588,3
2921,48411,4
2922,42801,-1
2923,46960,1
2924,43576,2
2925,50966,1
2926,49540,-1
2927,42380,1
2928,52728,-1
2929,47696,-2
2930,50640,-3
2931,48370,-4
2932,42859,-4
2933,41098,-5
2934,47438,-7
2935,40563,-8
2936,43468,-9
2937,46899,1
2938,43957,-1
2939,53297,1
2940,48609,2
2941,49522,-1
2942,44745,1
2943,48911,5
2944,47590,-1
2945,46441,1
2946,41820,2
2947,42457,3
2948,44352,-1
2949,43435,2
2950,53621,-1
2951,45983,-2
2952,48344,1
2953,52320,2
2954,53299,3
2955,51962,4
2956,42196,-1
2957,38373,1
2958,36501,2
2959,49438,-2
2960,48070,-3
2961,39822,-4
2962,35448,-5
2963,37960,-6
2964,45474,1
2965,46729,4
2966,53110,5
2967,48961,-1
2968,44606,1
2969,43471,1
2970,50215,2
2971,37314,-1
2972,47720,-2
2973,40719,1
2974,41717,4
2975,45034,4
2976,52850,-1
2977,44646,-2
2978,41248,2
2979,40653,3
2980,47427,-1
2981,45017,-2
2982,48322,-3
2983,47732,1
2984,46289,-1
2985,44250,-1
2986,43230,1
2987,44036,1
2988,43439,2
2989,42674,-1
2990,43266,-1
2991,47715,-1
2992,42330,1
2993,45967,-1
2994,43787,1
2995,50403,-1
2996,41605,1
2997,43126,2
2998,47245,3
2999,53159,-2
3000,40997,-3
3001,41999,1
3002,48017,1
3003,45225,-1
3004,41524,-2
3005,45636,1
3006,46083,1
3007,47497,-1
3008,44701,1
3009,47754,2
3010,44403,2
3011,50941,-1
3012,51426,-3
3013,47792,1
3014,53495,2
3015,52898,3
3016,53230,4
3017,46128,5
3018,46385,6
3019,52413,-1
3020,52455,-2
3021,52345,-3
3022,51355,1
3023,47192,-1
3024,47039,1
3025,48612,2
3026,51492,-1
3027,53632,-1
3028,52884,-2
3029,50161,-3
3030,51159,-4
3031,51093,-5
3032,46774,-6
3033,49419,1
3034,47432,-1
3035,47273,1
3036,53478,-1
3037,45938,1
3038,41866,2
3039,41243,2
3040,49394,3
3041,43791,5
3042,44306,6
3043,47527,7
3044,50211,-3
3045,50908,-4
3046,51297,1
3047,46909,-1
3048,39284,1
3049,39004,2
3050,45894,1
3051,45600,-1
3052,47383,1
3053,46979,2
3054,49911,-1
3055,44787,-2
3056,42805,1
3057,43719,1
3058,45884,-1
3059,44612,2
3060,43920,-1
3061,46650,1
3062,39759,-1
3063,40044,-2
3064,43302,1
3065,40986,-1
3066,47262,4
3067,52718,5
3068,47711,6
3069,48233,-2
3070,41303,-3
3071,53433,-4
3072,53706,1
3073,49541,-1
3074,41750,-2
3075,53904,-3
3076,42121,-4
3077,52187,-5
3078,41909,-6
3079,46172,1
3080,45725,2
3081,45207,-1
3082,48819,-1
3083,53139,-2
3084,53368,1
3085,53797,-1
3086,47871,1
3087,44933,-1
3088,44818,-1
3089,41686,-2
3090,45087,-3
3091,53598,-4
3092,53119,1
3093,50628,-1
3094,45229,-2
3095,46734,1
3096,44987,2
3097,42402,-1
3098,43923,-1
3099,48247,-2
3100,47559,-3
3101,53528,-4
3102,43252,-5
3103,45150,-1
3104,48965,1
3105,52394,2
3106,48517,-1
3107,45206,-2
3108,46651,1
3109,40317,-1
3110,45970,1
3111,49537,1
3112,50141,2
3113,52458,-2
3114,53536,-3
3115,50250,-4
3116,47816,1
3117,42266,-1
3118,50626,1
3119,43815,-1
3120,40477,-2
3121,42887,-3
3122,51170,-4
3123,43643,6
3124,53922,-1
3125,45235,1
3126,52974,1
3127,45406,-1
3128,42691,-2
3129,50748,1
3130,47877,2
3131,52875,-1
3132,43393,-2
3133,47337,-2
3134,53707,1
3135,42851,-1
3136,43533,1
3137,53647,2
3138,45667,3
3139,46460,1
3140,41671,-1
3141,47816,2
3142,45713,-1
3143,40559,1
3144,47848,2
3145,54307,3
3146,53507,-1
3147,49162,1
3148,44970,2
3149,46631,3
3150,51596,-1
3151,53817,1
3152,42479,-1
3153,48219,1
3154,43802,2
3155,43742,3
3156,54044,-1
3157,53096,-2
3158,50023,-3
3159,52969,-3
3160,53327,1
3161,53801,2
3162,49790,-1
3163,53610,1
3164,44171,-1
3165,52471,-2
3166,53778,-3
3167,47469,1
3168,53725,2
3169,53731,3
3170,53181,-1
3171,50780,-1
3172,54010,-2
3173,44110,-3
3174,45254,-4
3175,53070,-5
3176,48994,-6
3177,49538,-7
3178,52606,-8
3179,44619,1
3180,52030,-1
3181,44106,1
3182,49796,-2
3183,53775,-2
3184,53803,-3
3185,53828,-4
3186,45910,-1
3187,52231,-1
3188,45761,-2
3189,53317,-4
3190,53870,1
3191,52310,2
3192,48663,1
3193,48253,-1
3194,53704,-1
3195,50705,-2
3196,47948,1
3197,41245,-1
3198,38863,1
3199,25982,2
3200,28055,2
3201,33044,-1
3202,33672,1
3203,27940,4
3204,27502,4
3205,25684,5
3206,28535,6
3207,32265,-1
3208,36547,-2
3209,27623,1
3210,32012,-1
3211,29724,-2
3212,34681,4
3213,36764,5
3214,35641,6
3215,29313,-1
3216,31606,-2
3217,33024,-2
3218,41382,-3
3219,41343,1
3220,41422,-1
3221,33026,-2
3222,33223,1
3223,35903,2
3224,30042,5
3225,37165,-1
3226,36612,-2
3227,30086,1
3228,28072,3
3229,32363,-1
3230,35045,1
3231,31319,2
3232,36244,2
3233,37510,3
3234,37644,-1
3235,36764,2
3236,27473,3
3237,30029,4
3238,36356,6
3239,37793,7
3240,36402,-1
3241,37479,2
3242,35009,-1
3243,40087,1
3244,34280,2
3245,35287,-1
3246,35014,1
3247,30036,-1
3248,30554,-2
3249,32272,1
3250,35440,2
3251,39151,-1
3252,31345,1
3253,27136,-1
3254,27096,1
3255,28640,-1
3256,30178,-1
3257,33024,-2
3258,32779,1
3259,33071,1
3260,35788,-1
3261,31563,-2
3262,24384,-3
3263,27438,-4
3264,29000,1
3265,28790,-1
3266,28002,-1
3267,33051,1
3268,33612,2
3269,24666,-1
3270,28280,1
3271,24661,-1
3272,29424,-1
3273,30386,-1
3274,30849,-1
3275,41075,1
3276,31696,-1
3277,35157,1
3278,24865,-1
3279,25878,-1
3280,25758,1
3281,27032,2
3282,27380,-1
3283,32819,1
3284,26546,1
3285,25581,1
3286,22232,2
3287,32288,3
3288,29333,-1
3289,23433,-2
3290,35948,-3
3291,31464,1
3292,26312,-1
3293,23721,-5
3294,24527,1
3295,26835,2
3296,33882,2
3297,29337,-1
3298,30791,-2
3299,24490,1
3300,26198,2
3301,25234,3
3302,30074,4
3303,28301,4
3304,28114,-1
3305,21015,1
3306,29513,3
3307,31538,-1
3308,36213,1
3309,37019,3
3310,38813,3
3311,30168,-1
3312,42020,5
3313,42042,6
3314,41513,7
3315,37304,-1
3316,41166,-2
3317,34695,1
3318,32411,2
3319,35448,3
3320,30770,-1
3321,37416,1
3322,28862,3
3323,33297,4
3324,30607,7
3325,33556,8
3326,29853,-1
3327,21814,-2
3328,24619,-2
3329,39589,-3
3330,32348,1
3331,24470,1
3332,28234,2
3333,25949,-1
3334,22736,1
3335,29335,1
3336,30806,2
3337,27905,3
3338,27562,-1
3339,25953,-1
3340,27639,-2
3341,30443,-3
3342,33502,-4
3343,27015,1
3344,25359,2
3345,26885,3
3346,22205,-1
3347,32437,-1
3348,32796,1
3349,28651,-1
3350,30027,-2
3351,28816,-3
3352,39526,-1
3353,27855,-2
3354,23970,-3
3355,26927,1
3356,34614,2
3357,30544,1
3358,33844,2
3359,23866,3
3360,20192,4
3361,20623,-1
3362,20660,-2
3363,26995,-3
3364,30253,1
3365,29107,-1
3366,20061,-1
3367,22268,1
3368,22659,-1
3369,29943,-2
3370,24109,2
3371,24498,2
3372,28745,3
3373,28361,4
3374,32122,5
3375,25487,-1
3376,30064,-2
3377,27069,1
3378,27914,2
3379,23559,-1
3380,25830,1
3381,34716,6
3382,27988,7
3383,40134,8
3384,29014,9
3385,32587,10
3386,29855,-1
3387,40191,-2
3388,42122,-3
3389,42364,1
3390,42516,-1
3391,28687,-2
3392,28409,1
3393,27956,1
3394,26096,2
3395,25920,-1
3396,30806,-1
3397,33503,-2
3398,31184,-3
3399,26735,-4
3400,36236,1
3401,35517,-1
3402,28968,-1
3403,26193,-2
3404,28985,1
3405,25101,2
3406,30388,3
3407,24891,4
3408,23833,1
3409,27633,-1
3410,22204,-2
3411,22544,-3
3412,25513,-3
3413,29906,1
3414,25071,-1
3415,24071,-1
3416,25603,1
3417,23161,-1
3418,21923,1
3419,22596,1
3420,21205,-1
3421,20527,2
3422,21741,2
3423,20010,4
3424,25446,5
3425,30332,6
3426,26923,7
3427,22072,-1
3428,25286,1
3429,22890,-1
3430,31506,1
3431,22239,-1
3432,21519,-2
3433,24935,1
3434,28474,-1
3435,29780,-2
3436,26675,-1
3437,24325,1
3438,26225,2
3439,21135,-2
3440,24130,1
3441,24851,-1
3442,21582,1
3443,29248,2
3444,28990,3
3445,23394,-1
3446,21470,-2
3447,20147,1
3448,25153,2
3449,31160,3
3450,28404,4
3451,23038,2
3452,23183,3
3453,30415,-1
3454,32325,-2
3455,27622,1
3456,27296,2
3457,32911,-1
3458,31877,-2
3459,20338,-1
3460,21747,1
3461,21581,2
3462,23331,-1
3463,25471,-2
3464,32213,-3
3465,27004,-4
3466,30256,-5
3467,28363,-2
3468,26426,-3
3469,33366,-4
3470,22240,-5
3471,21500,1
3472,41257,2
3473,24224,3
3474,35021,-2
3475,26722,-3
3476,32127,1
3477,25111,-1
3478,24355,-2
3479,28194,1
3480,35793,-1
3481,31032,1
3482,25095,-1
3483,25658,1
3484,27198,-2
3485,27581,-3
3486,26618,-4
3487,25863,1
3488,22935,3
3489,37023,5
3490,35636,-1
3491,32084,-2
3492,25784,1
3493,25700,-1
3494,24447,1
3495,22008,-1
3496,20174,1
3497,20307,-1
3498,20151,1
3499,20484,2
3500,20562,3
3501,25175,-1
3502,25165,-2
3503,24343,-3
3504,23698,-4
3505,22897,1
3506,21350,-3
3507,25276,-4
3508,29326,1
3509,41891,2
3510,29146,-1
3511,20561,-2
3512,35845,1
3513,25424,2
3514,26928,-1
3515,33199,5
3516,31476,-1
3517,33131,-2
3518,20382,1
3519,20220,1
3520,21981,2
3521,22669,-1
3522,21171,1
3523,21492,-1
3524,26861,1
3525,30036,2
3526,29170,3
3527,28926,-1
3528,35577,-4
3529,40133,1
3530,22288,4
3531,23721,-2
3532,23416,1
3533,24551,-2
3534,30785,1
3535,29309,2
3536,20263,3
3537,34839,-1
3538,20206,-2
3539,20170,1
3540,22155,2
3541,28085,3
3542,38269,4
3543,38987,-1
3544,25751,-3
3545,23367,-4
3546,30377,1
3547,24418,2
3548,25213,-1
3549,20836,1
3550,20671,2
3551,21327,-1
3552,23528,1
3553,25914,-1
3554,35283,-2
3555,28187,1
3556,26525,-2
3557,27069,-3
3558,37647,1
3559,28905,-1
3560,33687,-2
3561,32408,1
3562,27187,2
3563,21200,-3
3564,21364,-3
3565,22782,-4
3566,25016,-4
3567,30744,-5
3568,27938,1
3569,23271,2
3570,22406,5
3571,22014,-1
3572,22154,1
3573,25250,-1
3574,28053,1
3575,27159,-1
3576,21710,-1
3577,21035,-1
3578,21260,-2
3579,21111,1
3580,25792,2
3581,28849,-1
3582,31553,1
3583,23027,-1
3584,21602,-2
3585,23892,-3
3586,27729,1
3587,34886,2
3588,34897,-1
3589,43947,1
3590,39489,2
3591,21052,-1
3592,20556,-2
3593,38753,-2
3594,41844,1
3595,41234,2
3596,21033,-1
3597,20971,1
3598,23980,2
3599,21689,-1
3600,33178,-1
3601,39730,1
3602,41048,2
3603,20534,-1
3604,21667,1
3605,27554,-3
3606,30208,-4
3607,32422,1
3608,23338,-1
3609,21157,-1
3610,23726,-2
3611,32783,-3
3612,30946,-6
3613,21064,1
3614,24406,2
3615,33880,-1
3616,39095,-2
3617,28711,1
3618,23155,6
3619,24436,7
3620,25143,-1
3621,32554,-1
3622,37734,-2
3623,36340,-3
3624,22172,1
3625,24522,-1
3626,28109,-1
3627,32531,1
3628,29640,2
3629,27084,-2
3630,23906,-3
3631,27207,1
3632,28243,2
3633,36038,3
3634,28259,-1
3635,34222,3
3636,36066,4
3637,39744,-1
3638,36093,1
3639,26034,3
3640,24804,4
3641,35604,-1
3642,36164,-2
3643,42996,1
3644,35374,-1
3645,27194,-3
3646,25611,-3
3647,37175,-4
3648,36573,-5
3649,38495,1
3650,38878,2
3651,40250,3
3652,39401,-2
3653,43255,1
3654,38938,2
3655,34233,3
3656,30104,-1
3657,32464,1
3658,27320,1
3659,25633,2
3660,25161,-1
3661,43602,1
3662,43630,-1
3663,43571,1
3664,26362,2
3665,26227,-1
3666,28931,1
3667,41480,1
3668,41631,-2
3669,44099,2
3670,37083,-1
3671,37233,1
3672,24318,1
3673,28923,1
3674,22113,2
3675,30250,-1
3676,26978,1
3677,31481,-1
3678,39764,-2
3679,44466,-3
3680,39077,-4
3681,23847,-5
3682,27356,-5
3683,31783,-6
3684,36701,-1
3685,30100,-2
3686,39494,1
3687,36239,2
3688,39688,3
3689,40173,4
3690,43462,-2
3691,42227,1
3692,42287,-1
3693,38339,1
3694,32781,-1
3695,34160,-2
3696,35124,-2
3697,32117,-3
3698,33052,-4
3699,40148,1
3700,32134,2
3701,41576,3
3702,40122,-1
3703,35185,-2
3704,40122,1
3705,34294,2
3706,41151,-1
3707,36137,-2
3708,30424,1
3709,29477,-1
3710,26191,1
3711,37569,-1
3712,35030,1
3713,36953,-1
3714,35778,1
3715,37116,2
3716,37851,3
3717,38292,-1
3718,40035,-1
3719,42207,-2
3720,36279,-3
3721,42125,-4
3722,42819,1
3723,31884,1
3724,31277,-1
3725,39271,1
3726,24422,2
3727,36854,3
3728,26612,4
3729,31111,2
3730,35832,3
3731,32033,4
3732,32188,-1
3733,32634,-2
3734,33471,1
3735,29330,2
3736,32040,2
3737,36118,-1
3738,30257,-2
3739,33338,-2
3740,36941,-3
3741,28926,-4
3742,29665,-5
3743,30761,-5
3744,32187,1
3745,35759,2
3746,37873,-1
3747,39995,-2
3748,35093,-3
3749,44384,-1
3750,28113,1
3751,23100,-1
3752,27891,-1
3753,33936,-2
3754,27420,-3
3755,23536,8
3756,22243,-1
3757,24656,1
3758,34773,1
3759,42145,-1
3760,27044,1
3761,22819,-1
3762,23243,1
3763,25618,2
3764,33339,3
3765,39197,4
3766,28453,5
3767,29030,6
3768,31066,-1
3769,36542,-1
3770,37264,-2
3771,39501,-3
3772,24337,2
3773,23933,-1
3774,24131,1
3775,34830,2
3776,24457,-1
3777,26517,1
3778,35123,-1
3779,33047,1
3780,34035,-1
3781,35323,1
3782,33268,5
3783,32651,6
3784,34566,-1
3785,30319,-2
3786,37919,-3
3787,38059,-4
3788,40459,-5
3789,37134,-1
3790,33080,1
3791,30343,-1
3792,27582,-1
3793,34783,-2
3794,28745,1
3795,29977,-1
3796,29964,-2
3797,32228,1
3798,39640,-1
3799,26969,1
3800,39629,2
3801,29037,-1
3802,41187,-3
3803,40060,-4
3804,27077,1
3805,37326,2
3806,34222,-1
3807,42260,2
3808,42549,3
3809,25958,4
3810,30171,-1
3811,26464,1
3812,24265,-1
3813,25220,-1
3814,31277,1
3815,25284,2
3816,28808,2
3817,22230,3
3818,19617,-1
3819,21274,-1
3820,25864,1
3821,30661,-1
3822,27590,1
3823,28095,3
3824,34455,-1
3825,29057,1
3826,21938,1
3827,28617,2
3828,36098,2
3829,22486,-1
3830,21397,-2
3831,21328,1
3832,34921,-1
3833,40965,1
3834,26035,1
3835,22829,1
3836,22724,2
3837,23117,-1
3838,22527,-1
3839,23528,1
3840,26882,2
3841,34030,3
3842,37550,4
3843,33580,5
3844,28967,2
3845,28400,-1
3846,31285,-1
3847,39515,-2
3848,34894,1
3849,22505,2
3850,22195,3
3851,24808,-1
3852,34458,2
3853,37183,2
3854,32817,3
3855,34946,4
3856,25342,-1
3857,30366,1
3858,42961,2
3859,43603,3
3860,36171,4
3861,32565,4
3862,37705,-1
3863,34060,-2
3864,22135,-3
3865,24501,1
3866,24506,2
3867,24236,2
3868,32986,-1
3869,24653,1
3870,24139,2
3871,22416,1
3872,22137,-1
3873,28120,1
3874,26558,2
3875,30438,-1
3876,26572,1
3877,21731,1
3878,21925,-1
3879,30963,1
3880,24525,-1
3881,25101,-2
3882,36946,-3
3883,27134,-4
3884,21644,-5
3885,22207,1
3886,24287,2
3887,24811,3
3888,24999,3
3889,28157,4
3890,25584,-1
3891,23763,-1
3892,29868,1
3893,23192,3
3894,23379,-1
3895,25094,1
3896,24153,2
3897,20849,1
3898,20423,-1
3899,22640,-2
3900,21943,1
3901,23205,2
3902,24824,-1
3903,27045,1
3904,43928,2
3905,28346,3
3906,44424,-2
3907,35156,1
3908,40681,2
3909,22126,-1
3910,20946,-2
3911,25293,3
3912,26049,4
3913,27685,5
3914,28131,-1
3915,40610,1
3916,25756,2
3917,20766,3
3918,20836,3
3919,22119,-1
3920,21445,-2
3921,25194,1
3922,32501,2
3923,22335,1
3924,24631,2
3925,27188,3
3926,29962,4
3927,27082,5
3928,40691,5
3929,31414,7
3930,24878,-1
3931,23357,-2
3932,28857,-3
3933,27520,1
3934,29077,-1
3935,29531,-2
3936,31862,-1
3937,28560,-2
3938,32589,-3
3939,37054,1
3940,36421,3
3941,40809,3
3942,31743,4
3943,42150,5
3944,43323,-1
3945,32546,2
3946,31350,3
3947,34247,-1
3948,33199,-2
3949,32252,1
3950,37822,2
3951,33776,-1
3952,39944,-2
3953,32976,-3
3954,29645,5
3955,27479,6
3956,26349,7
3957,39602,9
3958,43875,-1
3959,41000,-2
3960,33800,-1
3961,28349,-2
3962,30998,-3
3963,31437,-4
3964,38300,1
3965,30170,-1
3966,34158,2
3967,33987,3
3968,38389,4
3969,28107,2
3970,28848,-1
3971,30264,1
3972,21337,2
3973,20843,3
3974,21841,-1
3975,21856,-1
3976,36097,2
3977,39264,-1
3978,31521,1
3979,21189,2
3980,21766,2
3981,21471,-1
3982,21729,-2
3983,26264,-2
3984,32210,1
3985,31523,-1
3986,49293,-2
3987,42372,-3
3988,44722,-4
3989,42145,1
3990,44963,-1
3991,44121,1
3992,44783,7
3993,45265,8
3994,45303,-1
3995,41571,-2
3996,43260,-3
3997,43425,1
3998,45195,-2
3999,46347,-3
4000,46628,-4
4001,48271,-5
4002,47734,1
4003,43283,-1
4004,45483,-2
4005,44634,5
4006,46599,-1
4007,45706,-2
4008,44976,1
4009,43059,-1
4010,44465,1
4011,44927,-1
4012,46883,1
4013,46159,2
4014,46832,3
4015,47135,4
4016,47414,5
4017,47204,6
4018,49220,7
4019,49073,8
4020,49240,-1
4021,45780,-1
4022,46309,-2
4023,45591,1
4024,45792,-1
4025,46364,1
4026,46810,-1
4027,47524,-1
4028,48957,-2
4029,46969,-3
4030,47775,-1
4031,47521,-2
4032,47484,-3
4033,46801,-4
4034,48138,1
4035,47890,-1
4036,47034,-1
4037,46480,-2
4038,47659,1
4039,49555,-1
4040,49716,-2
4041,49096,1
4042,49476,-1
4043,46098,-2
4044,46906,1
4045,46479,-1
4046,48143,1
4047,46493,-1
4048,48158,1
4049,46778,2
4050,46356,1
4051,44575,-1
4052,45222,-2
4053,44644,-3
4054,44739,1
4055,47478,-1
4056,47737,-2
4057,46103,1
4058,46432,-1
4059,44163,1
4060,47437,-3
4061,46609,-3
4062,46986,-4
4063,47646,-5
4064,49457,-5
4065,49558,-6
4066,49199,1
4067,41462,-1
4068,40574,1
4069,40311,2
4070,40267,2
4071,41512,-1
4072,42171,-2
4073,40517,-3
4074,40814,-4
4075,41876,-5
4076,40811,-7
4077,40506,4
4078,40785,4
4079,40586,5
4080,40081,6
4081,40830,-1
4082,42460,-2
4083,43363,-3
4084,41275,-2
4085,40164,1
4086,41790,1
4087,48254,2
4088,48790,3
4089,46945,-1
4090,47874,2
4091,48286,3
4092,48293,-1
4093,41946,-2
4094,41519,-2
4095,43201,-3
4096,48450,2
4097,47863,3
4098,48845,-1
4099,45679,1
4100,47048,2
4101,46791,-1
4102,43551,1
4103,43457,-1
4104,45969,1
4105,47487,2
4106,46028,2
4107,46900,-1
4108,47894,1
4109,45575,2
4110,46450,3
4111,46903,4
4112,47787,4
4113,48103,1
4114,47350,-1
4115,46921,-1
4116,46188,1
4117,45586,-1
4118,44365,-2
4119,46132,1
4120,47090,2
4121,46499,4
4122,43190,5
4123,46913,-1
4124,46466,1
4125,46967,2
4126,47431,-1
4127,47894,-2
4128,47804,-3
4129,47343,-4
4130,47271,-5
4131,46369,1
4132,47240,2
4133,47744,3
4134,47464,-1
4135,45069,1
4136,44573,-1
4137,40104,1
4138,40045,1
4139,46944,1
4140,45586,-1
4141,47470,-2
4142,49556,1
4143,49072,3
4144,49386,-2
4145,46829,1
4146,41055,2
4147,40218,-1
4148,40194,1
4149,36831,-1
4150,40327,-2
4151,41200,3
4152,44686,-1
4153,43084,1
4154,36890,2
4155,37790,-1
4156,39360,-2
4157,37086,3
4158,38024,4
4159,37720,5
4160,37226,5
4161,43954,-1
4162,41631,1
4163,42015,1
4164,45302,-1
4165,45622,-2
4166,39229,1
4167,37674,-1
4168,40407,1
4169,40537,-1
4170,38370,-2
4171,39891,-3
4172,48566,1
4173,48575,-1
4174,49010,-2
4175,42709,-3
4176,41219,1
4177,45094,2
4178,42290,-2
4179,43006,-3
4180,45099,-4
4181,44041,1
4182,44265,2
4183,46895,3
4184,48324,4
4185,47873,-1
4186,47789,-2
4187,46679,-3
4188,42819,-4
4189,44975,-4
4190,45986,-5
4191,49571,1
4192,49573,-1
4193,48526,-2
4194,43052,1
4195,42821,2
4196,44593,-1
4197,45872,2
4198,47067,-1
4199,45878,1
4200,45676,1
4201,44533,1
4202,45921,-1
4203,47645,-2
4204,49422,1
4205,49466,-1
4206,48620,1
4207,42962,2
4208,42472,2
4209,46010,3
4210,43352,-1
4211,46122,1
4212,46501,2
4213,45200,-6
4214,46856,1
4215,43489,-1
4216,39997,-3
4217,40511,-4
4218,40759,-5
4219,44026,1
4220,43867,2
4221,45478,-2
4222,41564,-3
4223,47393,-4
4224,40216,1
4225,40611,2
4226,35033,-2
4227,41851,1
4228,34154,2
4229,34107,2
4230,34369,-2
4231,36033,-2
4232,31445,1
4233,36151,-1
4234,40258,-2
4235,36872,-3
4236,34262,-4
4237,34301,-5
4238,34117,-6
4239,38090,1
4240,41349,2
4241,38134,2
4242,41267,-4
4243,34081,-5
4244,35392,-6
4245,40008,1
4246,45577,2
4247,43681,3
4248,44207,4
4249,45141,5
4250,48784,-1
4251,43613,-2
4252,40007,-3
4253,36208,-3
4254,42477,-4
4255,41320,2
4256,37649,-1
4257,41123,1
4258,46013,2
4259,46054,-1
4260,41674,1
4261,38264,-1
4262,42138,1
4263,43396,-2
4264,42678,1
4265,40218,-1
4266,35057,1
4267,35797,2
4268,35781,3
4269,40381,4
4270,40247,4
4271,40301,-1
4272,43131,-2
4273,44486,1
4274,43424,-1
4275,47714,-2
4276,46545,3
4277,45728,-1
4278,42439,1
4279,37146,2
4280,35013,-1
4281,38379,-2
4282,44682,-3
4283,37190,1
4284,36140,2
4285,40116,-1
4286,45169,1
4287,42836,2
4288,40361,3
4289,40125,-1
4290,33215,-2
4291,36082,-3
4292,40481,1
4293,44117,1
4294,49046,-1
4295,43078,-2
4296,41734,-1
4297,42420,1
4298,49197,2
4299,43407,-1
4300,37260,1
4301,48675,2
4302,48142,-1
4303,35864,-1
4304,39412,1
4305,42821,-1
4306,44121,1
4307,48572,-1
4308,46081,1
4309,36569,2
4310,38358,2
4311,40908,3
4312,40028,-1
4313,37484,1
4314,43121,2
4315,33580,-1
4316,43325,-2
4317,41122,-3
4318,46517,1
4319,45958,2
4320,47353,-3
4321,46858,1
4322,42245,3
4323,44346,-1
4324,42449,1
4325,41539,2
4326,41677,3
4327,37734,-1
4328,44346,-2
4329,41834,-1
4330,41342,-2
4331,40169,1
4332,46197,2
4333,47165,-1
4334,47493,1
4335,48522,-2
4336,48433,-3
4337,48124,1
4338,36052,-1
4339,35866,-2
4340,42343,-3
4341,47372,3
4342,47606,4
4343,43115,-1
4344,45278,-2
4345,37669,-3
4346,37585,1
4347,45105,2
4348,44237,-1
4349,46166,1
4350,45063,-1
4351,41603,-1
4352,40078,-2
4353,40067,1
4354,47013,-1
4355,43972,-2
4356,47376,1
4357,46152,2
4358,40015,-2
4359,42102,-3
4360,41767,1
4361,43811,1
4362,47594,-1
4363,43366,-2
4364,40334,-1
4365,40007,1
4366,44708,2
4367,36284,2
4368,45262,3
4369,48110,-1
4370,31188,2
4371,31591,3
4372,32627,4
4373,34279,-1
4374,40059,-1
4375,47292,1
4376,48144,2
4377,35614,3
4378,43201,3
4379,46056,-1
4380,48613,-1
4381,31020,1
4382,32152,-1
4383,41292,1
4384,46678,-1
4385,43019,-2
4386,45310,11
4387,47909,-1
4388,47510,1
4389,34590,-1
4390,36934,1
4391,30055,-1
4392,39816,2
4393,38731,2
4394,41280,-1
4395,39059,1
4396,40008,1
4397,42067,-1
4398,45681,-2
4399,36031,-3
4400,33414,1
4401,32734,2
4402,40310,1
4403,40096,-1
4404,43178,-2
4405,36613,1
4406,39847,-1
4407,43048,3
4408,38239,-1
4409,44588,-2
4410,48092,-3
4411,38691,-4
4412,36883,-5
4413,36198,-5
4414,45877,-6
4415,43141,-3
4416,35508,1
4417,35050,-1
4418,32337,2
4419,41626,-1
4420,40084,1
4421,47086,4
4422,46119,-1
4423,42926,-2
4424,37993,-1
4425,43887,1
4426,46875,-1
4427,48522,4
4428,47489,5
4429,48608,6
4430,42839,6
4431,45255,7
4432,42034,-1
4433,38493,-3
4434,38007,-3
4435,38086,1
4436,36129,-1
4437,35940,-1
4438,47031,1
4439,46945,2
4440,37125,3
4441,38015,4
4442,37259,5
4443,32530,1
4444,35030,-1
4445,35299,1
4446,31039,-1
4447,30785,1
4448,30038,2
4449,40220,4
4450,39127,6
4451,35132,-2
4452,37316,1
4453,39134,2
4454,38690,3
4455,39476,4
4456,38512,4
4457,39328,-1
4458,40033,-2
4459,47820,-1
4460,37493,1
4461,30003,1
4462,35531,1
4463,38574,2
4464,43856,-1
4465,31952,2
4466,37396,3
4467,33818,-1
4468,31843,-1
4469,40714,1
4470,40981,2
4471,45756,-1
4472,47822,-2
4473,41869,1
4474,41243,2
4475,39128,3
4476,31226,-1
4477,35944,1
4478,34264,-1
4479,39691,-2
4480,41979,-3
4481,35174,4
4482,38959,-1
4483,38391,1
4484,34648,-1
4485,31034,-1
4486,31557,-2
4487,34971,1
4488,40011,2
4489,38050,3
4490,47474,-1
4491,34760,-3
4492,40104,1
4493,44808,-1
4494,40075,1
4495,38673,2
4496,32914,-1
4497,32373,-2
4498,39875,-3
4499,39934,-4
4500,47439,-3
4501,48329,1
4502,42884,-1
4503,31102,1
4504,31192,-1
4505,35681,1
4506,42476,-1
4507,45304,-1
4508,46727,1
4509,34143,-1
4510,48339,1
4511,48153,-1
4512,39252,1
4513,37264,-1
4514,39720,-2
4515,46459,-3
4516,41682,-4
4517,41473,1
4518,36015,2
4519,31874,-1
4520,37736,1
4521,38423,1
4522,38843,2
4523,38002,3
4524,42141,2
4525,27532,3
4526,30501,4
4527,27631,5
4528,30194,5
4529,33460,6
4530,33087,-1
4531,32058,1
4532,32615,-1
4533,30254,1
4534,35161,-1
4535,35520,1
4536,41597,2
4537,33955,2
4538,33222,3
4539,33277,4
4540,46955,1
4541,38002,3
4542,34772,4
4543,39102,5
4544,43031,-1
4545,31706,-2
4546,28181,-3
4547,30075,-3
4548,30014,-4
4549,36912,-6
4550,37303,1
4551,41022,2
4552,25566,-1
4553,30058,1
4554,35559,-1
4555,39050,-1
4556,41150,-1
4557,47883,-3
4558,35005,-1
4559,35931,-1
4560,34610,1
4561,39044,-2
4562,40218,1
4563,45232,-1
4564,41516,-1
4565,44380,-2
4566,46194,1
4567,46031,1
4568,45232,-1
4569,46348,1
4570,39853,-1
4571,43051,-3
4572,39602,-4
4573,40225,1
4574,46625,2
4575,46616,-1
4576,44018,-2
4577,38691,-3
4578,43472,-3
4579,40224,1
4580,43952,-1
4581,44268,1
4582,42421,2
4583,44033,-1
4584,40470,-2
4585,43015,1
4586,41547,-1
4587,39904,-2
4588,43238,-2
4589,43379,-3
4590,46509,1
4591,47241,2
4592,46610,-1
4593,45619,1
4594,46474,-1
4595,42057,-1
4596,39810,1
4597,40112,-1
4598,36253,1
4599,43309,1
4600,42332,-1
4601,46536,-1
4602,46717,-3
4603,37128,-3
4604,40460,-4
4605,40114,-5
4606,38189,1
4607,30425,2
4608,30218,-1
4609,30099,-2
4610,40023,-2
4611,30434,1
4612,30549,2
4613,32933,3
4614,35735,3
4615,39457,-1
4616,37428,1
4617,46776,-1
4618,40028,1
4619,33653,2
4620,34244,3
4621,34388,3
4622,37096,4
4623,32525,1
4624,34005,-1
4625,36665,1
4626,39197,-1
4627,40986,1
4628,43628,-1
4629,39249,-1
4630,39025,-1
4631,39243,1
4632,40758,-1
4633,46869,-3
4634,43075,-4
4635,40107,-5
4636,45773,1
4637,47088,-1
4638,46899,-2
4639,43093,-2
4640,41859,1
4641,40538,1
4642,46056,1
4643,44565,-1
4644,46109,-2
4645,46583,-3
4646,45458,1
4647,45229,-1
4648,44220,1
4649,45030,-1
4650,45066,-2
4651,45112,-3
4652,46249,-4
4653,46400,1
4654,45122,3
4655,46047,-1
4656,46658,-2
4657,47120,-1
4658,47125,-2
4659,46795,-3
4660,43792,1
4661,45448,1
4662,46658,-1
4663,47175,-1
4664,47102,1
4665,46965,2
4666,45043,-1
4667,46192,-2
4668,46473,1
4669,47206,-1
4670,43455,1
4671,45198,1
4672,45933,2
4673,41304,-1
4674,47233,1
4675,40393,2
4676,42716,-1
4677,41033,1
4678,42121,-1
4679,44778,-2
4680,43176,1
4681,41456,-1
4682,40015,-2
4683,40887,-3
4684,37195,1
4685,41026,1
4686,42816,-1
4687,43721,1
4688,40138,2
4689,43130,4
4690,41758,-1
4691,38695,1
4692,43297,-1
4693,47351,-2
4694,39903,1
4695,40185,2
4696,43606,-1
4697,42203,1
4698,38419,2
4699,32036,-1
4700,32018,1
4701,33038,2
4702,40913,2
4703,41176,3
4704,40104,-1
4705,45008,1
4706,44106,-1
4707,39106,-2
4708,39668,-2
4709,42013,1
4710,40523,-1
4711,35911,1
4712,43123,-1
4713,38603,-2
4714,37423,-3
4715,36851,-4
4716,38774,1
4717,37016,-1
4718,41281,-2
4719,43079,-3
4720,43032,-4
4721,46254,2
4722,37028,-1
4723,40918,1
4724,45556,-2
4725,46307,1
4726,40068,-1
4727,41538,2
4728,39042,-1
4729,40479,-2
4730,41144,1
4731,41030,-1
4732,41166,-2
4733,46034,1
4734,46769,2
4735,37204,-1
4736,40119,-2
4737,40578,-3
4738,47162,-1
4739,43472,-2
4740,42303,1
4741,43173,2
4742,40401,2
4743,40504,4
4744,44316,-1
4745,41499,-2
4746,41841,1
4747,47281,4
4748,43979,5
4749,46932,7
4750,46625,-1
4751,47267,1
4752,42843,-1
4753,41284,-1
4754,43909,-2
4755,44654,-3
4756,45015,1
4757,47347,-1
4758,45682,1
4759,47265,-6
4760,44462,1
4761,42860,2
4762,40015,-1
4763,33711,1
4764,36082,-1
4765,41026,-2
4766,38106,1
4767,42056,2
4768,45270,2
4769,43602,3
4770,44583,-1
4771,10090,1
4772,18194,2
4773,12464,3
4774,17382,1
4775,12225,1
4776,15072,-1
4777,14451,1
4778,19849,-2
4779,30211,-3
4780,21986,-4
4781,11547,-4
4782,15873,1
4783,16946,2
4784,8874,-1
4785,10135,-1
4786,15403,1
4787,19193,3
4788,15493,-1
4789,12228,-2
4790,10051,3
4791,10512,-1
4792,19284,1
4793,24146,-1
4794,33369,-2
4795,35067,-3
4796,35067,-4
4797,21703,1
4798,16421,2
4799,20059,-1
4800,10071,1
4801,11860,2
4802,18285,3
4803,12328,-1
4804,11088,1
4805,12136,1
4806,20824,2
4807,11154,-2
4808,25068,1
4809,15238,-1
4810,27405,-1
4811,20473,1
4812,31518,2
4813,13156,4
4814,30035,-1
4815,15164,1
4816,19341,-1
4817,20271,1
4818,30456,2
4819,15103,1
4820,17439,2
4821,17148,3
4822,10047,3
4823,10670,3
4824,22325,4
4825,26388,-2
4826,16104,1
4827,18050,-1
4828,10136,-1
4829,13237,-1
4830,18046,-2
4831,10118,-3
4832,13207,1
4833,16202,2
4834,18749,-1
4835,23401,2
4836,14227,-1
4837,16413,1
4838,11581,2
4839,10067,3
4840,15180,4
4841,19139,1
4842,22932,2
4843,19806,-1
4844,10090,1
4845,11158,1
4846,16056,2
4847,10815,-1
4848,13539,1
4849,20136,2
4850,21030,-1
4851,36067,-1
4852,15088,-2
4853,22292,1
4854,11129,2
4855,21853,2
4856,16265,3
4857,16460,4
4858,25230,1
4859,29045,2
4860,17226,1
4861,27285,-1
4862,15178,1
4863,9193,-1
4864,10135,-2
4865,13872,1
4866,14353,2
4867,12690,6
4868,17291,-1
4869,19018,1
4870,11061,1
4871,12190,-1
4872,15355,-2
4873,22320,1
4874,12110,-3
4875,23795,1
4876,15373,-1
4877,35067,-2
4878,22581,1
4879,25469,-1
4880,11439,1
4881,16392,2
4882,11775,3
4883,36067,-1
4884,36067,-2
4885,36067,-3
4886,12124,5
4887,17006,6
4888,18395,-1
4889,12216,-2
4890,30338,1
4891,13822,2
4892,15566,-1
4893,11153,-2
4894,19491,-3
4895,18470,3
4896,27379,4
4897,26115,-1
4898,11053,2
4899,12166,2
4900,18640,-1
4901,16466,1
4902,25656,2
4903,19605,-1
4904,22452,-2
4905,20288,-1
4906,25160,-2
4907,15107,1
4908,10122,2
4909,12325,-1
4910,20448,-2
4911,12220,1
4912,13174,-1
4913,28434,-2
4914,16811,-3
4915,14972,1
4916,19732,2
4917,19384,-1
4918,14577,-2
4919,12064,1
4920,13132,2
4921,12858,1
4922,13212,2
4923,14743,3
4924,10925,4
4925,31022,5
4926,19451,6
4927,18405,7
4928,13635,8
4929,19589,-1
4930,14090,1
4931,16612,-1
4932,10054,-3
4933,10670,1
4934,12390,1
4935,14340,2
4936,25258,3
4937,24049,-1
4938,10574,-1
4939,11184,2
4940,13032,-1
4941,10784,-1
4942,14815,1
4943,11513,-1
4944,26721,-1
4945,20077,-2
4946,17147,1
4947,11292,-1
4948,12894,1
4949,23617,2
4950,33559,1
4951,27112,-1
4952,25078,-2
4953,10120,3
4954,11861,4
4955,15044,-1
4956,14779,1
4957,24528,-1
4958,17135,1
4959,21631,-1
4960,20244,1
4961,25383,-1
4962,23337,-2
4963,35067,-2
4964,36067,1
4965,36067,2
4966,17434,1
4967,35067,1
4968,28240,-1
4969,10819,-3
4970,16136,1
4971,20075,-1
4972,15115,3
4973,20249,4
4974,23382,5
4975,24148,-1
4976,28142,1
4977,30470,2
4978,12564,-4
4979,15836,-5
4980,18161,1
4981,10823,-1
4982,30169,-2
4983,17121,1
4984,18308,2
4985,13341,3
4986,15458,-1
4987,21150,1
4988,13967,-1
4989,30132,1
4990,20130,2
4991,10274,-1
4992,13116,1
4993,16657,2
4994,20121,3
4995,20315,-1
4996,25314,1
4997,20180,2
4998,11688,3
4999,15404,-1
5000,35067,2
5001,20342,3
5002,20539,4
5003,16376,2
5004,21517,3
5005,21057,-1
5006,21162,1
5007,30660,-1
5008,36067,1
5009,15315,-1
5010,15162,1
5011,12134,2
5012,21377,4
5013,35067,-1
5014,20755,1
5015,10689,2
5016,11038,2
5017,15488,-1
5018,11220,-2
5019,16944,-2
5020,31292,-3
5021,27475,-4
5022,11668,-5
5023,14764,1
5024,17139,2
5025,11030,3
5026,12969,3
5027,20414,-1
5028,14602,1
5029,35067,-1
5030,20387,-2
5031,36067,2
5032,35067,-1
5033,16416,1
5034,26646,1
5035,23413,-2
5036,27118,2
5037,25176,-1
5038,27569,-2
5039,31448,1
5040,24378,2
5041,36067,-1
5042,17506,-2
5043,25658,-3
5044,24208,-4
5045,35067,-5
5046,20673,-6
5047,17273,-1
5048,35067,-2
5049,26967,-3
5050,27084,1
5051,36067,2
5052,31417,3
5053,20468,-1
5054,27429,-1
5055,32333,-2
5056,25877,-3
5057,13309,-4
5058,17479,-4
5059,23638,-5
5060,35067,2
5061,28304,3
5062,23263,-1
5063,14261,-1
5064,18278,-2
5065,16487,-3
5066,17491,1
5067,35067,2
5068,21114,3
5069,11112,-1
5070,13041,-2
5071,18641,1
5072,15603,-1
5073,35067,1
5074,18639,-1
5075,23495,1
5076,16133,-1
5077,18886,-2
5078,11569,1
5079,15502,-1
5080,20340,1
5081,18824,-1
5082,14629,3
5083,18771,3
5084,20260,4
5085,11461,-1
5086,36067,1
5087,26393,-1
5088,30589,-2
5089,15134,-1
5090,11236,1
5091,30290,3
5092,32852,4
5093,18234,-1
5094,33166,-2
5095,16382,-3
5096,13297,1
5097,15744,-1
5098,18340,-2
5099,11019,5
5100,12106,6
5101,20159,1
5102,36067,2
5103,28205,-1
5104,10120,1
5105,13826,2
5106,18035,-1
5107,35067,5
5108,21549,-1
5109,15590,1
5110,21860,2
5111,23384,3
5112,35067,4
5113,32231,-1
5114,36067,1
5115,36067,-1
5116,36067,-2
5117,12412,-3
5118,21288,-3
5119,23175,-4
5120,24371,-5
5121,28602,-5
5122,32873,-6
5123,36067,1
5124,32913,-1
5125,22322,-2
5126,20236,-3
5127,22897,1
5128,36067,2
5129,36067,-1
5130,27232,1
5131,36067,2
5132,30124,3
5133,22908,1
5134,28310,2
5135,22759,3
5136,35067,1
5137,30097,2
5138,22612,-1
5139,18479,1
5140,16335,2
5141,21513,-1
5142,22108,1
5143,20196,-1
5144,32074,-2
5145,25598,-3
5146,23498,2
5147,20312,-1
5148,33810,2
5149,36067,3
5150,36067,-1
5151,36067,6
5152,23859,-1
5153,17073,1
5154,21130,-1
5155,28668,1
5156,25533,2
5157,19835,-3
5158,17530,1
5159,17574,2
5160,35067,2
5161,31848,-1
5162,25126,-2
5163,25455,-3
5164,27588,1
5165,27989,-1
5166,15025,1
5167,19479,-1
5168,16045,1
5169,30114,2
5170,24355,-1
5171,32282,-2
5172,18205,3
5173,24342,-1
5174,22080,1
5175,17674,-1
5176,16212,1
5177,19534,-1
5178,19743,1
5179,24605,1
5180,22389,2
5181,21464,-2
5182,28445,1
5183,33195,2
5184,25380,-2
5185,22758,1
5186,20387,2
5187,21795,3
5188,23540,4
5189,25223,5
5190,25457,-1
5191,14617,-1
5192,14290,1
5193,14489,2
5194,20625,1
5195,16643,-1
5196,25528,1
5197,26471,2
5198,29137,3
5199,27365,2
5200,28619,-1
5201,22477,1
5202,12125,2
5203,19206,2
5204,17655,-1
5205,13062,-2
5206,35067,-3
5207,18915,-4
5208,22163,-5
5209,23462,3
5210,30778,4
5211,20286,5
5212,19364,-1
5213,18827,1
5214,19045,2
5215,13173,1
5216,28152,1
5217,19046,-1
5218,21498,1
5219,11476,-1
5220,16328,-2
5221,20176,1
5222,16172,2
5223,18908,-1
5224,25091,-2
5225,20278,-3
5226,35067,-1
5227,26122,1
5228,20671,-2
5229,35067,1
5230,19425,-1
5231,12054,-2
5232,14178,-3
5233,13392,-4
5234,16382,-6
5235,27387,-7
5236,19534,1
5237,22214,2
5238,11364,-1
5239,13387,1
5240,16524,1
5241,16445,2
5242,14452,-1
5243,36067,-2
5244,36067,-3
5245,36067,1
5246,10478,1
5247,16468,2
5248,12577,-1
5249,13371,1
5250,13492,1
5251,11216,2
5252,19451,-2
5253,25564,-3
5254,29668,1
5255,20159,3
5256,23084,-1
5257,24135,-2
5258,10535,1
5259,12584,2
5260,16238,3
5261,10068,5
5262,12718,5
5263,14323,6
5264,17456,7
5265,28235,8
5266,26356,-1
5267,25237,1
5268,22498,5
5269,24154,-1
5270,20522,1
5271,17248,2
5272,12767,-1
5273,11345,1
5274,13453,2
5275,13101,3
5276,10115,4
5277,14236,5
5278,24591,5
5279,25078,6
5280,22846,7
5281,14810,-1
5282,13586,1
5283,32810,-2
5284,36067,-3
5285,15710,1
5286,28846,2
5287,21831,-1
5288,19192,4
5289,27510,-1
5290,21626,-2
5291,10651,-3
5292,15143,-3
5293,20231,-4
5294,14412,-5
5295,15250,-5
5296,30436,-6
5297,17642,1
5298,25182,1
5299,32358,-1
5300,23450,1
5301,10407,-1
5302,13573,1
5303,13481,-1
5304,16610,1
5305,14073,1
5306,35067,-1
5307,21203,1
5308,10114,-2
5309,13141,-2
5310,12795,-3
5311,21376,-1
5312,30045,-2
5313,25139,1
5314,18149,-1
5315,12298,-2
5316,11866,1
5317,19385,-1
5318,18438,1
5319,13610,2
5320,10072,-2
5321,12139,-3
5322,11197,1
5323,26367,1
5324,16736,-1
5325,17048,1
5326,36067,-1
5327,11225,-1
5328,13405,1
5329,13292,-1
5330,15385,-1
5331,20140,1
5332,10406,-2
5333,12091,-2
5334,14031,1
5335,10707,-1
5336,15255,-1
5337,20722,-2
5338,24165,-3
5339,17519,1
5340,16651,-1
5341,23227,-2
5342,10292,-3
5343,11383,-4
5344,11061,-5
5345,12016,-1
5346,24728,-1
5347,20235,1
5348,20691,2
5349,12835,1
5350,19738,-1
5351,20813,-3
5352,23921,1
5353,21265,-1
5354,12890,-2
5355,16643,1
5356,15076,-1
5357,21838,-2
5358,30184,-3
5359,31418,-4
5360,34140,-5
5361,10482,-6
5362,15362,-7
5363,12277,1
5364,18747,-1
5365,19286,3
5366,22230,4
5367,18438,5
5368,40019,6
5369,16314,6
5370,13813,-1
5371,19870,-4
5372,33021,1
5373,25509,-1
5374,9736,-2
5375,15231,-3
5376,17019,1
5377,17727,2
5378,27047,-1
5379,16790,-2
5380,38391,-3
5381,38871,-4
5382,12354,-1
5383,14989,1
5384,11386,2
5385,14330,2
5386,29742,2
5387,18912,-1
5388,9848,-1
5389,13875,-2
5390,15239,1
5391,14499,1
5392,22471,-1
5393,16335,-2
5394,14571,-1
5395,11110,-2
5396,10544,-3
5397,12288,1
5398,19244,2
5399,15892,-1
5400,13848,3
5401,38034,-1
5402,18601,1
5403,9329,-1
5404,13513,1
5405,13132,-1
5406,27665,1
5407,17012,2
5408,14644,-1
5409,7416,-2
5410,9157,-2
5411,7908,-3
5412,10132,1
5413,7479,-3
5414,46028,-3
5415,13321,-4
5416,23473,-1
5417,25746,1
5418,29804,-1
5419,12723,1
5420,24612,2
5421,17112,3
5422,7360,4
5423,9675,-1
5424,18044,-2
5425,9408,2
5426,6991,-1
5427,12633,-2
5428,22691,-2
5429,17580,-3
5430,13947,1
5431,10881,-1
5432,7521,-2
5433,6705,-3
5434,12070,1
5435,7963,1
5436,10132,1
5437,16208,2
5438,15548,-1
5439,11742,-1
5440,9164,-2
5441,13009,-3
5442,18356,1
5443,19185,-1
5444,21217,-2
5445,14823,-1
5446,17748,1
5447,16164,2
5448,29925,-1
5449,14408,-2
5450,45606,-2
5451,56310,1
5452,44374,-1
5453,11449,1
5454,17325,2
5455,17058,3
5456,14766,4
5457,33668,-1
5458,19559,-2
5459,33654,-1
5460,32062,-2
5461,10400,1
5462,17419,2
5463,17078,3
5464,23535,-1
5465,32204,-2
5466,29143,-3
5467,9341,-4
5468,11579,1
5469,13139,-1
5470,10844,-1
5471,17942,-1
5472,28760,1
5473,21497,-1
5474,40546,-2
5475,17536,-3
5476,21004,-4
5477,15572,-5
5478,20504,-6
5479,27932,-7
5480,15031,1
5481,16425,2
5482,17217,-1
5483,27558,-1
5484,36731,-2
5485,35754,-3
5486,22585,-1
5487,16051,-2
5488,23265,1
5489,12417,-1
5490,12721,1
5491,14207,-1
5492,15095,-2
5493,12270,-1
5494,11323,1
5495,15128,-2
5496,31140,-3
5497,16015,-4
5498,8073,1
5499,10496,1
5500,18610,2
5501,11794,-1
5502,9096,1
5503,19694,1
5504,36913,-1
5505,18278,-2
5506,18891,-3
5507,12902,-2
5508,18975,-3
5509,14664,-4
5510,20409,-5
5511,13060,-5
5512,21185,-6
5513,14519,1
5514,20425,-1
5515,23144,1
5516,21387,2
5517,14846,3
5518,30242,4
5519,12345,-1
5520,14310,1
5521,15341,-1
5522,12351,-2
5523,16126,-3
5524,26623,1
5525,17006,2
5526,13926,2
5527,31570,3
5528,20836,4
5529,18504,2
5530,22222,3
5531,20350,-1
5532,18718,2
5533,19161,4
5534,11854,-1
5535,14952,-1
5536,36468,1
5537,18906,-1
5538,17291,1
5539,14864,-1
5540,17029,1
5541,24851,-2
5542,24603,1
5543,15323,-1
5544,22768,1
5545,21428,2
5546,22372,3
5547,21471,-1
5548,22017,-2
5549,24758,-3
5550,53367,-4
5551,47321,1
5552,14031,-3
5553,12597,-4
5554,14013,1
5555,16080,-1
5556,32623,1
5557,24550,2
5558,12902,1
5559,14992,1
5560,16714,2
5561,29579,-1
5562,29896,-2
5563,38453,-3
5564,42940,3
5565,42985,4
5566,38062,-1
5567,26011,1
5568,28030,2
5569,29028,-1
5570,42860,1
5571,41785,2
5572,40230,-1
5573,30035,1
5574,31792,1
5575,32369,-1
5576,37144,-3
5577,39211,-4
5578,41831,1
5579,33249,2
5580,30924,3
5581,32861,-1
5582,38650,-2
5583,40060,-3
5584,40582,-4
5585,27981,3
5586,30230,-1
5587,28251,1
5588,31495,2
5589,37400,3
5590,41394,4
5591,42465,-1
5592,31198,1
5593,30697,-1
5594,41817,1
5595,36861,-1
5596,39187,-2
5597,33822,-3
5598,35498,-3
5599,38485,1
5600,41182,-3
5601,42178,1
5602,41528,2
5603,34626,3
5604,35289,3
5605,39962,4
5606,38416,2
5607,41869,2
5608,42599,3
5609,37326,4
5610,37677,2
5611,38904,2
5612,35945,-1
5613,41152,1
5614,42847,-1
5615,42882,-2
5616,42922,1
5617,41943,2
5618,35389,-1
5619,36139,-2
5620,40872,1
5621,42722,1
5622,42293,-1
5623,42834,-2
5624,32698,-2
5625,36104,-2
5626,36310,1
5627,38013,-1
5628,41250,-2
5629,38735,1
5630,30224,2
5631,31099,-1
5632,31186,-2
5633,36076,1
5634,34685,-1
5635,38434,-2
5636,41835,-2
5637,41767,1
5638,41113,-1
5639,37449,-4
5640,38228,-5
5641,37261,-6
5642,42409,1
5643,42653,2
5644,42822,3
5645,42048,1
5646,41742,-1
5647,42092,1
5648,40870,2
5649,41960,3
5650,42060,-1
5651,42404,-2
5652,42395,-3
5653,42295,1
5654,41982,-1
5655,41611,1
5656,42132,-1
5657,41039,2
5658,41026,-1
5659,41126,-1
5660,42224,-2
5661,42152,-3
5662,42288,-4
5663,41165,-6
5664,41037,1
5665,41472,-1
5666,41021,-3
5667,41046,-4
5668,41369,-5
5669,41180,-6
5670,41786,-7
5671,41738,-8
5672,41106,-9
5673,41686,-10
5674,41735,1
5675,42084,-1
5676,41958,5
5677,41886,6
5678,42481,-1
5679,41690,-2
5680,42130,-3
5681,41978,1
5682,42300,1
5683,41403,-1
5684,41916,-2
5685,41521,1
5686,41028,-1
5687,42117,-2
5688,42123,-3
5689,42323,2
5690,42391,2
5691,42487,-1
5692,42297,1
5693,42277,-1
5694,42262,1
5695,42366,2
5696,42332,-1
5697,42477,-2
5698,42013,-3
5699,42165,-3
5700,42183,-4
5701,42366,1
5702,42405,2
5703,42648,2
5704,42603,3
5705,41288,-1
5706,41542,1
5707,41115,2
5708,41438,-1
5709,42318,1
5710,41681,-1
5711,41063,-1
5712,41165,-3
5713,41099,-4
5714,40948,1
5715,41951,2
5716,42222,3
5717,41902,1
5718,42121,-1
5719,41466,1
5720,41069,-1
5721,41510,1
5722,41209,-1
5723,41956,1
5724,42370,-1
5725,41873,1
5726,41138,1
5727,41657,2
5728,41766,-1
5729,41136,-2
5730,41101,-3
5731,41860,1
5732,41908,2
5733,42375,3
5734,42060,-1
5735,41439,-3
5736,41575,1
5737,41159,2
5738,41082,2
5739,41135,-1
5740,41796,1
5741,41254,-1
5742,41332,1
5743,41324,-1
5744,41225,-2
5745,41477,1
5746,41411,-1
5747,41378,-2
5748,42295,-5
5749,41371,-6
5750,41328,-7
5751,41100,-8
5752,41239,-9
5753,41112,1
5754,41524,-1
5755,41163,2
5756,41704,-1
5757,42418,-2
5758,42100,-3
5759,42298,1
5760,41662,2
5761,42164,1
5762,42664,2
5763,42245,-1
5764,41626,1
5765,41960,-1
5766,42135,-2
5767,42039,-3
5768,42116,1
5769,42171,2
5770,42265,3
5771,42430,5
5772,42559,5
5773,41871,6
5774,41681,-1
5775,42030,1
5776,41902,2
5777,41300,-1
5778,41774,1
5779,42188,-1
5780,41843,-2
5781,41729,2
5782,42483,-1
5783,41492,1
5784,42050,-1
5785,42081,-1
5786,42133,-2
5787,41645,2
5788,41486,-1
5789,41679,1
5790,41735,2
5791,42045,9
5792,41038,-1
5793,41035,-2
5794,41666,-3
5795,41791,1
5796,41517,2
5797,41280,-1
5798,41718,-1
5799,41292,-2
5800,41157,-3
5801,41728,1
5802,42418,-1
5803,41511,-2
5804,41153,-1
5805,41516,1
5806,41128,2
5807,41581,2
5808,41402,3
5809,42201,4
5810,41133,5
5811,41910,5
5812,41606,6
5813,41559,3
5814,41995,-1
5815,42747,-2
5816,41294,-3
5817,41955,-4
5818,41756,1
5819,42113,-1
5820,41171,1
5821,41140,-1
5822,41171,1
5823,41226,-1
5824,41048,-2
5825,41365,-3
5826,41387,-4
5827,41530,-5
5828,42231,1
5829,41963,3
5830,41642,4
5831,41175,5
5832,41881,-1
5833,41784,1
5834,42597,2
5835,41512,5
5836,41250,6
5837,41981,4
5838,41559,-1
5839,41981,1
5840,41884,-1
5841,41866,1
5842,41290,-1
5843,41490,-2
5844,41683,1
5845,41697,-1
5846,41911,1
5847,41638,2
5848,41094,-1
5849,41497,1
5850,41534,2
5851,41679,3
5852,41924,2
5853,41742,-1
5854,41949,-2
5855,41797,1
5856,41512,-1
5857,41797,-1
5858,41953,1
5859,41608,2
5860,42217,-1
5861,41426,-1
5862,41416,-2
5863,41219,-3
5864,41434,-3
5865,41315,1
5866,41622,-1
5867,41585,1
5868,41551,2
5869,41532,-1
5870,41733,-2
5871,41583,-2
5872,42059,-3
5873,41815,1
5874,41193,1
5875,41180,-1
5876,41076,1
5877,41050,2
5878,41078,3
5879,41171,3
5880,41128,-1
5881,41625,5
5882,41377,-1
5883,41221,-2
5884,41103,-2
5885,41201,1
5886,41495,-1
5887,42166,2
5888,41157,2
5889,41577,3
5890,41707,4
5891,41917,-1
5892,41490,1
5893,42469,3
5894,42773,4
5895,42890,-1
5896,41296,1
5897,42088,2
5898,41530,-1
5899,41533,-2
5900,41952,1
5901,42164,2
5902,41438,4
5903,41506,5
5904,41253,6
5905,41597,-1
5906,41819,-1
5907,41619,1
5908,41551,2
5909,41514,-1
5910,41724,-2
5911,42590,-3
5912,42257,-4
5913,41060,1
5914,41186,-1
5915,41437,-1
5916,41296,1
5917,41911,-1
5918,41597,1
5919,41545,-1
5920,41404,-2
5921,41067,1
5922,41258,1
5923,41704,-1
5924,41824,1
5925,41360,-1
5926,41546,-1
5927,41500,-2
5928,41156,1
5929,41046,1
5930,41024,2
5931,41541,3
5932,41152,-1
5933,41321,-2
5934,41181,-3
5935,41427,6
5936,41069,-1
5937,41647,1
5938,41261,-1
5939,41288,-2
5940,41753,2
5941,42060,-1
5942,41459,1
5943,41794,2
5944,42242,-1
5945,42272,1
5946,42317,-2
5947,41725,1
5948,41425,-2
5949,41907,-3
5950,41851,-4
5951,41052,-1
5952,41050,1
5953,41071,-1
5954,41017,1
5955,41348,-1
5956,41397,-2
5957,41935,-3
5958,41683,-2
5959,41293,1
5960,41039,-1
5961,41147,-2
5962,41533,-3
5963,41932,1
5964,41850,-2
5965,41926,-3
5966,41157,1
5967,41077,-1
5968,42019,-2
5969,41051,1
5970,41188,2
5971,41545,-1
5972,41550,-1
5973,41756,-2
5974,41528,1
5975,41386,1
5976,42259,-1
5977,41240,1
5978,41507,-2
5979,41287,1
5980,41516,-1
5981,41278,1
5982,41358,-1
5983,41060,1
5984,41367,-1
5985,41413,-2
5986,42285,-3
5987,41889,-4
5988,41392,1
5989,41920,-1
5990,41840,-2
5991,41040,-2
5992,41311,1
5993,42005,2
5994,41553,-1
5995,41546,1
5996,41913,1
5997,41495,2
5998,41952,2
5999,42006,-1
6000,41310,-2
6001,42099,1
6002,41267,2
6003,42067,2
6004,41744,3
6005,41533,4
6006,41887,5
6007,41746,-1
6008,41795,-2
6009,42247,-1
6010,42164,-1
6011,41914,1
6012,41895,-2
6013,41980,-3
6014,42387,1
6015,42128,-1
6016,42162,-2
6017,42034,-3
6018,41988,-4
6019,42743,-4
6020,42352,1
6021,42569,3
6022,41967,-1
6023,42109,-2
6024,41675,-3
6025,41916,-4
6026,41904,-5
6027,41595,2
6028,41640,-1
6029,41847,-2
6030,41577,-2
6031,41796,-3
6032,41770,1
6033,41621,-1
6034,41564,-2
6035,41397,1
6036,41025,-1
6037,41044,-2
6038,41383,1
6039,41346,1
6040,41206,2
6041,41390,-1
6042,41341,-2
6043,41862,-3
6044,41112,-4
6045,41027,1
6046,41505,1
6047,41398,2
6048,41399,3
6049,41940,1
6050,41742,-1
6051,41224,1
6052,41656,2
6053,41432,2
6054,41218,2
6055,41497,3
6056,41052,4
6057,41760,5
6058,41886,6
6059,41509,-1
6060,41266,-2
6061,41413,-3
6062,41357,1
6063,41477,-4
6064,41358,-4
6065,41590,-4
6066,41593,-1
6067,41256,-2
6068,41464,-3
6069,41372,-4
6070,41750,-1
6071,41507,-2
6072,41359,-3
6073,42099,-4
6074,41772,1
6075,41363,-1
6076,41512,-3
6077,41635,-4
6078,41208,-5
6079,41358,-6
6080,41583,-7
6081,41543,1
6082,41750,2
6083,41811,-1
6084,42238,1
6085,41928,2
6086,41479,3
6087,41442,-1
6088,41730,1
6089,41874,-4
6090,41753,1
6091,42076,-1
6092,41576,1
6093,41571,-1
6094,42075,1
6095,42147,3
6096,41896,-1
6097,42079,1
6098,42001,2
6099,41959,2
6100,41743,-1
6101,41795,-2
6102,41479,-1
6103,41456,1
6104,41268,-1
6105,41850,-2
6106,41185,-3
6107,41139,-4
6108,41517,-5
6109,41434,-5
6110,41125,1
6111,41377,-1
6112,41283,2
6113,41635,-1
6114,41675,1
6115,41443,-1
6116,41447,-2
6117,41233,-3
6118,41231,1
6119,41183,2
6120,41210,3
6121,41278,4
6122,41403,-1
6123,41324,1
6124,41582,-1
6125,41426,-2
6126,41275,-3
6127,41359,-4
6128,41320,-5
6129,41445,1
6130,42129,-1
6131,41562,1
6132,41656,1
6133,41915,2
6134,42738,-1
6135,42371,-2
6136,41455,-3
6137,41399,-1
6138,41329,-1
6139,41573,-2
6140,41580,-3
6141,41436,-4
6142,42862,-5
6143,41989,1
6144,41193,1
6145,41325,1
6146,41269,-1
6147,42122,-2
6148,41397,-3
6149,41366,-4
6150,41588,1
6151,41326,1
6152,41355,2
6153,42343,-1
6154,41969,-2
6155,41266,-3
6156,41371,-4
6157,41046,-1
6158,41255,-2
6159,41321,1
6160,41284,-1
6161,41144,-2
6162,41769,-4
6163,41216,1
6164,41137,2
6165,41388,3
6166,41331,3
6167,41286,4
6168,41510,3
6169,41480,-1
6170,41516,1
6171,39538,3
6172,39151,-1
6173,41067,-2
6174,41166,1
6175,41145,1
6176,40936,-1
6177,41372,-2
6178,40030,1
6179,41232,-1
6180,41038,-2
6181,40635,-1
6182,39883,1
6183,38967,-1
6184,39532,-2
6185,40107,1
6186,40462,2
6187,39864,2
6188,41099,-1
6189,41279,-1
6190,39487,-1
6191,40719,-2
6192,39921,-3
6193,39341,1
6194,39523,-1
6195,40015,1
6196,40783,-3
6197,37797,-3
6198,39513,-4
6199,39784,-5
6200,40409,5
6201,38727,5
6202,38866,-1
6203,39810,-1
6204,37846,1
6205,38476,-1
6206,40686,2
6207,39775,3
6208,39863,2
6209,40394,-1
6210,38847,-2
6211,40901,1
6212,42582,-1
6213,42308,-2
6214,42374,1
6215,36997,-1
6216,37869,-1
6217,35041,-2
6218,36983,2
6219,37147,3
6220,35126,4
6221,41936,-1
6222,40608,1
6223,42020,-1
6224,35470,-2
6225,36735,-2
6226,36475,-3
6227,36156,-2
6228,37809,1
6229,38662,2
6230,37224,-1
6231,40970,1
6232,39195,2
6233,40334,3
6234,38119,1
6235,39208,2
6236,40491,-1
6237,36542,1
6238,36925,1
6239,41042,-1
6240,36743,2
6241,37242,2
6242,35903,3
6243,37497,4
6244,40546,4
6245,40348,-1
6246,39230,1
6247,36070,1
6248,36046,2
6249,37529,3
6250,38766,2
6251,37996,2
6252,39606,-1
6253,38855,1
6254,38024,2
6255,39113,3
6256,41099,-1
6257,41751,2
6258,41970,-1
6259,42098,1
6260,40643,5
6261,40414,6
6262,40735,-1
6263,41312,-2
6264,40251,6
6265,41613,6
6266,40035,1
6267,41762,1
6268,41209,-1
6269,41980,1
6270,39845,-2
6271,40287,1
6272,39260,2
6273,38808,3
6274,37276,-1
6275,35626,1
6276,39057,-2
6277,38875,1
6278,39692,-1
6279,35996,4
6280,35285,4
6281,38156,5
6282,37800,-1
6283,38204,1
6284,38824,-1
6285,35428,-1
6286,36063,1
6287,36044,-1
6288,41167,1
6289,41768,-1
6290,41280,1
6291,41067,1
6292,31828,-1
6293,31574,-2
6294,28625,-3
6295,28506,-4
6296,28584,1
6297,29727,2
6298,33616,3
6299,32607,4
6300,35513,4
6301,34950,3
6302,33971,-1
6303,34540,-2
6304,32212,-3
6305,32017,-4
6306,31960,-5
6307,32191,-1
6308,32829,1
6309,35824,2
6310,31230,-2
6311,31828,-3
6312,29815,4
6313,28030,5
6314,31402,6
6315,32463,7
6316,31777,7
6317,31531,8
6318,37017,9
6319,35157,1
6320,37784,2
6321,34098,-2
6322,28535,-1
6323,31188,1
6324,35106,2
6325,34560,-1
6326,34603,1
6327,30018,-1
6328,31458,-1
6329,33765,1
6330,30790,2
6331,35391,-1
6332,31600,1
6333,31778,2
6334,37603,1
6335,32487,2
6336,33841,-1
6337,36862,6
6338,32861,-1
6339,33860,1
6340,35406,2
6341,37119,-1
6342,39747,-2
6343,37746,1
6344,32366,3
6345,31628,-1
6346,30958,1
6347,37667,-1
6348,36275,-1
6349,39106,1
6350,36637,-1
6351,36663,1
6352,39511,-1
6353,29169,-2
6354,28262,1
6355,33135,-1
6356,34293,1
6357,36424,2
6358,38701,-1
6359,26826,2
6360,26877,-1
6361,26627,1
6362,30918,2
6363,33418,3
6364,38663,4
6365,39663,5
6366,27870,-1
6367,29175,-2
6368,30350,1
6369,36554,2
6370,37518,-1
6371,41909,1
